Timestamp,Timestamp_AEST,A0-A1_mV,A2-A3_mV
1744248127.6289558,2025-04-10 11:22:07.628956,33.844,-20.961
1744248128.7214649,2025-04-10 11:22:08.721465,1.25,-20.977
1744248129.8181944,2025-04-10 11:22:09.818194,1.25,-20.969
1744248130.8938344,2025-04-10 11:22:10.893834,1.258,-20.961
1744248132.074778,2025-04-10 11:22:12.074778,1.266,-20.945
1744248133.198499,2025-04-10 11:22:13.198499,1.258,-20.953
1744248134.2862072,2025-04-10 11:22:14.286207,1.25,-20.945
1744248135.454542,2025-04-10 11:22:15.454542,1.266,-20.945
1744248136.576975,2025-04-10 11:22:16.576975,1.266,-20.938
1744248137.6653104,2025-04-10 11:22:17.665310,1.25,-20.922
1744248138.8351724,2025-04-10 11:22:18.835172,1.25,-20.93
1744248140.9954326,2025-04-10 11:22:20.995433,1.25,-20.789
1744248142.1101973,2025-04-10 11:22:22.110197,1.25,-20.883
1744248143.2292662,2025-04-10 11:22:23.229266,1.258,-20.914
1744248144.3103876,2025-04-10 11:22:24.310388,1.25,-20.914
1744248296.641358,2025-04-10 11:24:56.641358,-1.32,-20.445
1744248297.730409,2025-04-10 11:24:57.730409,1.055,-20.477
1744248298.7842028,2025-04-10 11:24:58.784203,1.062,-20.461
1744248299.8841884,2025-04-10 11:24:59.884188,1.062,-20.453
1744248301.0150592,2025-04-10 11:25:01.015059,1.07,-20.453
1744248302.1390915,2025-04-10 11:25:02.139091,1.07,-20.453
1744248325.3060377,2025-04-10 11:25:25.306038,-1.32,-20.461
1744248326.4126549,2025-04-10 11:25:26.412655,1.008,-20.477
1744248462.7808683,2025-04-10 11:27:42.780868,-1.297,-20.195
1744248463.8604848,2025-04-10 11:27:43.860485,0.945,-20.219
1744248464.9272494,2025-04-10 11:27:44.927249,0.953,-20.219
1744248466.0939915,2025-04-10 11:27:46.093992,0.953,-20.219
1744248467.2245064,2025-04-10 11:27:47.224506,0.953,-20.211
1744248468.310283,2025-04-10 11:27:48.310283,0.953,-20.219
1744248469.4803061,2025-04-10 11:27:49.480306,0.953,-20.227
1744248470.5529933,2025-04-10 11:27:50.552993,0.953,-20.227
1744248471.6269531,2025-04-10 11:27:51.626953,0.953,-20.227
1744248472.7521,2025-04-10 11:27:52.752100,0.953,-20.211
1744248473.8879771,2025-04-10 11:27:53.887977,0.953,-20.203
1744248474.962575,2025-04-10 11:27:54.962575,0.945,-20.203
1744248476.0341132,2025-04-10 11:27:56.034113,0.953,-20.211
1744248477.1053514,2025-04-10 11:27:57.105351,0.953,-20.195
1744248478.1781876,2025-04-10 11:27:58.178188,0.953,-20.195
1744248479.2735453,2025-04-10 11:27:59.273545,0.961,-20.195
1744248480.3478687,2025-04-10 11:28:00.347869,0.953,-20.203
1744248481.470548,2025-04-10 11:28:01.470548,0.961,-20.172
1744248482.5878763,2025-04-10 11:28:02.587876,0.961,-20.164
1744248483.67138,2025-04-10 11:28:03.671380,0.961,-20.125
1744248484.749182,2025-04-10 11:28:04.749182,0.961,-20.156
1744248485.8236456,2025-04-10 11:28:05.823646,0.961,-20.164
1744248486.8984725,2025-04-10 11:28:06.898473,0.961,-20.156
1744248487.9768472,2025-04-10 11:28:07.976847,0.953,-20.156
1744248489.1412554,2025-04-10 11:28:09.141255,0.953,-20.156
1744248490.3721282,2025-04-10 11:28:10.372128,0.961,-20.133
1744248491.4870405,2025-04-10 11:28:11.487041,0.961,-20.141
1744248492.633282,2025-04-10 11:28:12.633282,0.961,-20.141
1744248493.7521126,2025-04-10 11:28:13.752113,0.969,-20.133
1744248494.891259,2025-04-10 11:28:14.891259,0.969,-20.133
1744248495.965657,2025-04-10 11:28:15.965657,0.969,-20.125
1744248497.0417595,2025-04-10 11:28:17.041759,0.969,-20.125
1744248498.1177597,2025-04-10 11:28:18.117760,0.961,-20.117
1744248499.2805007,2025-04-10 11:28:19.280501,0.961,-20.227
1744248500.4057333,2025-04-10 11:28:20.405733,0.961,-20.203
1744248501.533192,2025-04-10 11:28:21.533192,0.961,-20.18
1744248503.685127,2025-04-10 11:28:23.685127,0.969,-20.156
1744248504.8087335,2025-04-10 11:28:24.808733,0.969,-20.141
1744248505.9347079,2025-04-10 11:28:25.934708,0.977,-20.141
1744248507.0679936,2025-04-10 11:28:27.067994,0.969,-20.117
1744248508.1943305,2025-04-10 11:28:28.194330,0.977,-20.109
1744248509.2716575,2025-04-10 11:28:29.271657,0.969,-20.109
1744248510.441718,2025-04-10 11:28:30.441718,0.969,-20.07
1744248511.5666642,2025-04-10 11:28:31.566664,0.969,-20.031
1744248512.6927652,2025-04-10 11:28:32.692765,0.969,-20.055
1744248513.8431687,2025-04-10 11:28:33.843169,0.969,-20.055
1744248514.9472225,2025-04-10 11:28:34.947222,0.969,-20.016
1744248516.091327,2025-04-10 11:28:36.091327,0.969,-20.039
1744248517.1654866,2025-04-10 11:28:37.165487,0.969,-20.031
1744248518.2419753,2025-04-10 11:28:38.241975,0.977,-20.055
1744248519.3173962,2025-04-10 11:28:39.317396,0.969,-20.062
1744248520.4750612,2025-04-10 11:28:40.475061,0.969,-20.016
1744248521.5515862,2025-04-10 11:28:41.551586,0.969,-20.023
1744248522.6241963,2025-04-10 11:28:42.624196,0.969,-20.016
1744248523.7562408,2025-04-10 11:28:43.756241,0.977,-20.023
1744248524.8313084,2025-04-10 11:28:44.831308,0.969,-20.023
1744248526.0075488,2025-04-10 11:28:46.007549,0.961,-20.008
1744248527.1339867,2025-04-10 11:28:47.133987,0.977,-20.008
1744248528.2627723,2025-04-10 11:28:48.262772,0.977,-20.008
1744248529.3554442,2025-04-10 11:28:49.355444,0.977,-20.008
1744248530.526177,2025-04-10 11:28:50.526177,0.977,-20.0
1744248531.6401412,2025-04-10 11:28:51.640141,0.977,-20.016
1744248532.7690911,2025-04-10 11:28:52.769091,0.977,-20.008
1744248533.8915749,2025-04-10 11:28:53.891575,0.984,-20.0
1744248534.966497,2025-04-10 11:28:54.966497,0.992,-20.0
1744248536.0452147,2025-04-10 11:28:56.045215,0.984,-20.0
1744248537.118197,2025-04-10 11:28:57.118197,0.984,-19.977
1744248538.191508,2025-04-10 11:28:58.191508,0.984,-19.977
1744248539.3190887,2025-04-10 11:28:59.319089,0.984,-19.977
1744248540.4152792,2025-04-10 11:29:00.415279,0.984,-19.977
1744248541.4912271,2025-04-10 11:29:01.491227,0.984,-19.992
1744248542.5986438,2025-04-10 11:29:02.598644,0.977,-20.008
1744248543.6734922,2025-04-10 11:29:03.673492,0.984,-19.992
1744248544.8773127,2025-04-10 11:29:04.877313,0.984,-19.977
1744248545.974928,2025-04-10 11:29:05.974928,0.992,-19.977
1744248547.1289272,2025-04-10 11:29:07.128927,0.984,-19.977
1744248548.2415128,2025-04-10 11:29:08.241513,0.984,-19.984
1744248549.3791654,2025-04-10 11:29:09.379165,0.977,-19.984
1744248550.4809842,2025-04-10 11:29:10.480984,0.984,-19.992
1744248551.6093822,2025-04-10 11:29:11.609382,0.977,-19.992
1744248552.7347145,2025-04-10 11:29:12.734715,0.977,-19.977
1744248553.8565204,2025-04-10 11:29:13.856520,0.977,-19.977
1744248554.9885762,2025-04-10 11:29:14.988576,0.977,-19.984
1744248556.1148832,2025-04-10 11:29:16.114883,0.977,-19.984
1744248557.1905696,2025-04-10 11:29:17.190570,0.969,-19.977
1744248558.2658741,2025-04-10 11:29:18.265874,0.977,-19.977
1744248559.3480043,2025-04-10 11:29:19.348004,0.977,-19.961
1744248560.5165627,2025-04-10 11:29:20.516563,0.961,-19.961
1744248561.6423197,2025-04-10 11:29:21.642320,0.953,-19.953
1744248562.770243,2025-04-10 11:29:22.770243,0.953,-19.945
1744248563.8955112,2025-04-10 11:29:23.895511,0.961,-19.938
1744248565.042135,2025-04-10 11:29:25.042135,0.969,-19.945
1744248566.15024,2025-04-10 11:29:26.150240,0.953,-19.93
1744248567.2778535,2025-04-10 11:29:27.277853,0.961,-19.922
1744248568.403642,2025-04-10 11:29:28.403642,0.961,-19.922
1744248569.5309875,2025-04-10 11:29:29.530988,0.961,-19.906
1744248570.6551678,2025-04-10 11:29:30.655168,0.969,-19.906
1744248571.793782,2025-04-10 11:29:31.793782,0.969,-19.898
1744248572.9160824,2025-04-10 11:29:32.916082,0.969,-19.906
1744248574.0572255,2025-04-10 11:29:34.057225,0.961,-19.898
1744248575.1840832,2025-04-10 11:29:35.184083,0.969,-19.891
1744248576.3114104,2025-04-10 11:29:36.311410,0.969,-19.906
1744248577.4138145,2025-04-10 11:29:37.413815,0.961,-19.898
1744248578.4890466,2025-04-10 11:29:38.489047,0.961,-19.898
1744248579.6923983,2025-04-10 11:29:39.692398,0.961,-19.906
1744248580.7693129,2025-04-10 11:29:40.769313,0.969,-19.891
1744248581.91755,2025-04-10 11:29:41.917550,0.961,-19.891
1744248583.0423484,2025-04-10 11:29:43.042348,0.961,-19.891
1744248584.167095,2025-04-10 11:29:44.167095,0.961,-19.891
1744248586.3235378,2025-04-10 11:29:46.323538,0.961,-19.898
1744248587.5293336,2025-04-10 11:29:47.529334,0.961,-19.898
1744248588.6793797,2025-04-10 11:29:48.679380,0.969,-19.906
1744248589.8055282,2025-04-10 11:29:49.805528,0.961,-19.898
1744248590.930623,2025-04-10 11:29:50.930623,0.961,-19.891
1744248592.0579336,2025-04-10 11:29:52.057934,0.953,-19.898
1744248593.2154412,2025-04-10 11:29:53.215441,0.961,-19.883
1744248594.2894902,2025-04-10 11:29:54.289490,0.961,-19.867
1744248595.4346645,2025-04-10 11:29:55.434664,0.953,-19.875
1744248596.5628183,2025-04-10 11:29:56.562818,0.953,-19.867
1744248597.6836572,2025-04-10 11:29:57.683657,0.961,-19.844
1744248598.7561266,2025-04-10 11:29:58.756127,0.953,-19.852
1744248599.82897,2025-04-10 11:29:59.828970,0.953,-19.852
1744248600.9638548,2025-04-10 11:30:00.963855,0.953,-19.836
1744248602.0364316,2025-04-10 11:30:02.036432,0.953,-19.828
1744248603.117006,2025-04-10 11:30:03.117006,0.961,-19.844
1744248604.1921773,2025-04-10 11:30:04.192177,0.953,-19.844
1744248605.27404,2025-04-10 11:30:05.274040,0.945,-19.852
1744248606.3987145,2025-04-10 11:30:06.398715,0.945,-19.836
1744248607.5203252,2025-04-10 11:30:07.520325,0.945,-19.836
1744248608.647246,2025-04-10 11:30:08.647246,0.93,-19.836
1744248609.7205615,2025-04-10 11:30:09.720562,0.938,-19.836
1744248610.8976145,2025-04-10 11:30:10.897614,0.93,-19.852
1744248612.0260563,2025-04-10 11:30:12.026056,0.938,-19.82
1744248613.1039703,2025-04-10 11:30:13.103970,0.93,-19.82
1744248614.2858257,2025-04-10 11:30:14.285826,0.93,-19.836
1744248615.4043963,2025-04-10 11:30:15.404396,0.93,-19.828
1744248616.5320868,2025-04-10 11:30:16.532087,0.93,-19.828
1744248617.6055906,2025-04-10 11:30:17.605591,0.922,-19.898
1744248618.6779182,2025-04-10 11:30:18.677918,0.922,-19.891
1744248619.7529109,2025-04-10 11:30:19.752911,0.922,-19.875
1744248620.8300984,2025-04-10 11:30:20.830098,0.922,-19.859
1744248621.9152231,2025-04-10 11:30:21.915223,0.93,-19.859
1744248623.0859807,2025-04-10 11:30:23.085981,0.93,-19.836
1744248624.2112415,2025-04-10 11:30:24.211241,0.93,-19.852
1744248625.286116,2025-04-10 11:30:25.286116,0.922,-19.836
1744248626.3755684,2025-04-10 11:30:26.375568,0.914,-19.836
1744248627.4511888,2025-04-10 11:30:27.451189,0.914,-19.836
1744248628.6143186,2025-04-10 11:30:28.614319,0.906,-19.828
1744248629.741999,2025-04-10 11:30:29.741999,0.906,-19.828
1744248630.882,2025-04-10 11:30:30.882000,0.906,-19.82
1744248631.9946797,2025-04-10 11:30:31.994680,0.906,-19.828
1744248633.1190429,2025-04-10 11:30:33.119043,0.914,-19.828
1744248634.2479434,2025-04-10 11:30:34.247943,0.906,-19.828
1744248635.3686738,2025-04-10 11:30:35.368674,0.922,-19.844
1744248636.4973047,2025-04-10 11:30:36.497305,0.922,-19.836
1744248637.625677,2025-04-10 11:30:37.625677,0.914,-19.836
1744248638.751896,2025-04-10 11:30:38.751896,0.914,-19.852
1744248639.8372183,2025-04-10 11:30:39.837218,0.914,-19.852
1744248640.9123416,2025-04-10 11:30:40.912342,0.922,-19.836
1744248642.0307157,2025-04-10 11:30:42.030716,0.922,-19.852
1744248643.1549659,2025-04-10 11:30:43.154966,0.93,-19.859
1744248644.229596,2025-04-10 11:30:44.229596,0.93,-19.836
1744248645.3056622,2025-04-10 11:30:45.305662,0.93,-19.836
1744248646.431475,2025-04-10 11:30:46.431475,0.93,-19.844
1744248647.5126736,2025-04-10 11:30:47.512674,0.93,-19.844
1744248648.6869512,2025-04-10 11:30:48.686951,0.922,-19.852
1744248649.809833,2025-04-10 11:30:49.809833,0.922,-19.859
1744248650.9484465,2025-04-10 11:30:50.948447,0.922,-19.859
1744248652.0863173,2025-04-10 11:30:52.086317,0.93,-19.852
1744248653.189307,2025-04-10 11:30:53.189307,0.93,-19.852
1744248654.2641428,2025-04-10 11:30:54.264143,0.922,-19.859
1744248655.351316,2025-04-10 11:30:55.351316,0.922,-19.852
1744248656.4851837,2025-04-10 11:30:56.485184,0.93,-19.844
1744248657.593674,2025-04-10 11:30:57.593674,0.93,-19.781
1744248658.7228105,2025-04-10 11:30:58.722811,0.922,-19.82
1744248660.8095372,2025-04-10 11:31:00.809537,0.93,-19.82
1744248661.8862982,2025-04-10 11:31:01.886298,0.93,-19.82
1744248663.0292103,2025-04-10 11:31:03.029210,0.922,-19.812
1744248664.1675353,2025-04-10 11:31:04.167535,0.938,-19.805
1744248665.271263,2025-04-10 11:31:05.271263,0.938,-19.844
1744248666.4033027,2025-04-10 11:31:06.403303,0.93,-19.836
1744248667.5338092,2025-04-10 11:31:07.533809,0.922,-19.859
1744248668.616505,2025-04-10 11:31:08.616505,0.922,-19.836
1744248669.777298,2025-04-10 11:31:09.777298,0.922,-19.844
1744248670.9051106,2025-04-10 11:31:10.905111,0.922,-19.844
1744248672.0328548,2025-04-10 11:31:12.032855,0.93,-19.852
1744248673.1617692,2025-04-10 11:31:13.161769,0.922,-19.828
1744248674.2393084,2025-04-10 11:31:14.239308,0.922,-19.828
1744248675.4139318,2025-04-10 11:31:15.413932,0.922,-19.82
1744248676.5386684,2025-04-10 11:31:16.538668,0.922,-19.82
1744248677.6882064,2025-04-10 11:31:17.688206,0.938,-19.812
1744248678.793582,2025-04-10 11:31:18.793582,0.906,-19.797
1744248679.8680408,2025-04-10 11:31:19.868041,0.922,-19.82
1744248680.9431188,2025-04-10 11:31:20.943119,0.922,-19.805
1744248682.095492,2025-04-10 11:31:22.095492,0.898,-19.797
1744248683.1764832,2025-04-10 11:31:23.176483,0.906,-19.797
1744248684.2509072,2025-04-10 11:31:24.250907,0.945,-19.781
1744248685.328051,2025-04-10 11:31:25.328051,0.906,-19.773
1744248686.468721,2025-04-10 11:31:26.468721,0.914,-19.766
1744248687.5946343,2025-04-10 11:31:27.594634,0.914,-19.75
1744248688.6685634,2025-04-10 11:31:28.668563,0.914,-19.742
1744248689.7579305,2025-04-10 11:31:29.757931,0.914,-19.734
1744248690.8869765,2025-04-10 11:31:30.886976,0.922,-19.742
1744248692.0008113,2025-04-10 11:31:32.000811,0.938,-19.734
1744248693.1291306,2025-04-10 11:31:33.129131,0.922,-19.75
1744248694.2072937,2025-04-10 11:31:34.207294,0.914,-19.734
1744248695.2847562,2025-04-10 11:31:35.284756,0.914,-19.734
1744248697.4495652,2025-04-10 11:31:37.449565,0.914,-19.719
1744248698.5560448,2025-04-10 11:31:38.556045,0.906,-19.711
1744248699.6311579,2025-04-10 11:31:39.631158,0.914,-19.719
1744248700.761577,2025-04-10 11:31:40.761577,0.914,-19.711
1744248701.8405473,2025-04-10 11:31:41.840547,0.898,-19.711
1744248702.9669979,2025-04-10 11:31:42.966998,0.906,-19.727
1744248704.038783,2025-04-10 11:31:44.038783,0.906,-19.719
1744248705.1439254,2025-04-10 11:31:45.143925,0.867,-19.727
1744248706.233689,2025-04-10 11:31:46.233689,0.875,-19.719
1744248707.3611362,2025-04-10 11:31:47.361136,0.883,-19.727
1744248708.4853992,2025-04-10 11:31:48.485399,0.875,-19.719
1744248709.6193483,2025-04-10 11:31:49.619348,0.883,-19.711
1744248710.6983137,2025-04-10 11:31:50.698314,0.867,-19.727
1744248711.8667078,2025-04-10 11:31:51.866708,0.883,-19.734
1744248712.9939,2025-04-10 11:31:52.993900,0.891,-19.703
1744248714.1206396,2025-04-10 11:31:54.120640,0.883,-19.711
1744248715.2449875,2025-04-10 11:31:55.244987,0.875,-19.711
1744248716.3798254,2025-04-10 11:31:56.379825,0.883,-19.711
1744248717.49945,2025-04-10 11:31:57.499450,0.883,-19.727
1744248718.6460578,2025-04-10 11:31:58.646058,0.891,-19.727
1744248719.7529097,2025-04-10 11:31:59.752910,0.883,-19.742
1744248720.8824048,2025-04-10 11:32:00.882405,0.891,-19.758
1744248721.9553318,2025-04-10 11:32:01.955332,0.906,-19.75
1744248723.0364947,2025-04-10 11:32:03.036495,0.898,-19.75
1744248724.180241,2025-04-10 11:32:04.180241,0.906,-19.727
1744248725.2846768,2025-04-10 11:32:05.284677,0.891,-19.719
1744248726.5099008,2025-04-10 11:32:06.509901,0.898,-19.727
1744248727.640658,2025-04-10 11:32:07.640658,0.906,-19.719
1744248728.7781367,2025-04-10 11:32:08.778137,0.906,-19.719
1744248729.8894181,2025-04-10 11:32:09.889418,0.914,-19.711
1744248731.0142467,2025-04-10 11:32:11.014247,0.922,-19.703
1744248732.1421878,2025-04-10 11:32:12.142188,0.914,-19.656
1744248733.2875144,2025-04-10 11:32:13.287514,0.914,-19.641
1744248734.3941514,2025-04-10 11:32:14.394151,0.922,-19.664
1744248735.5244963,2025-04-10 11:32:15.524496,0.922,-19.641
1744248736.6506908,2025-04-10 11:32:16.650691,0.914,-19.664
1744248737.7735193,2025-04-10 11:32:17.773519,0.914,-19.656
1744248738.9003675,2025-04-10 11:32:18.900367,0.898,-19.656
1744248740.0255756,2025-04-10 11:32:20.025576,0.906,-19.664
1744248741.153763,2025-04-10 11:32:21.153763,0.906,-19.664
1744248742.2370021,2025-04-10 11:32:22.237002,0.906,-19.672
1744248743.3111875,2025-04-10 11:32:23.311188,0.906,-19.656
1744248744.3840744,2025-04-10 11:32:24.384074,0.898,-19.633
1744248745.5563927,2025-04-10 11:32:25.556393,0.898,-19.648
1744248746.6812644,2025-04-10 11:32:26.681264,0.906,-19.656
1744248747.8096178,2025-04-10 11:32:27.809618,0.906,-19.664
1744248748.941625,2025-04-10 11:32:28.941625,0.898,-19.656
1744248750.0628731,2025-04-10 11:32:30.062873,0.898,-19.648
1744248751.203499,2025-04-10 11:32:31.203499,0.906,-19.672
1744248752.3141007,2025-04-10 11:32:32.314101,0.906,-19.688
1744248753.3879218,2025-04-10 11:32:33.387922,0.906,-19.68
1744248754.4805808,2025-04-10 11:32:34.480581,0.906,-19.609
1744248755.5567644,2025-04-10 11:32:35.556764,0.906,-19.695
1744248756.6308236,2025-04-10 11:32:36.630824,0.914,-19.672
1744248757.7067404,2025-04-10 11:32:37.706740,0.914,-19.664
1744248758.7805266,2025-04-10 11:32:38.780527,0.914,-19.656
1744248759.8933187,2025-04-10 11:32:39.893319,0.914,-19.68
1744248761.0201201,2025-04-10 11:32:41.020120,0.906,-19.68
1744248762.0960717,2025-04-10 11:32:42.096072,0.914,-19.68
1744248763.171451,2025-04-10 11:32:43.171451,0.906,-19.672
1744248764.2997866,2025-04-10 11:32:44.299787,0.906,-19.648
1744248765.4238954,2025-04-10 11:32:45.423895,0.898,-19.648
1744248766.569113,2025-04-10 11:32:46.569113,0.906,-19.648
1744248767.6781154,2025-04-10 11:32:47.678115,0.906,-19.664
1744248768.8034794,2025-04-10 11:32:48.803479,0.914,-19.656
1744248769.9292762,2025-04-10 11:32:49.929276,0.914,-19.648
1744248771.0572066,2025-04-10 11:32:51.057207,0.906,-19.648
1744248772.180204,2025-04-10 11:32:52.180204,0.906,-19.633
1744248773.3064854,2025-04-10 11:32:53.306485,0.906,-19.625
1744248774.3800411,2025-04-10 11:32:54.380041,0.906,-19.625
1744248775.4540915,2025-04-10 11:32:55.454092,0.906,-19.609
1744248776.5292318,2025-04-10 11:32:56.529232,0.898,-19.602
1744248777.6084309,2025-04-10 11:32:57.608431,0.906,-19.594
1744248778.737035,2025-04-10 11:32:58.737035,0.906,-19.594
1744248779.8612702,2025-04-10 11:32:59.861270,0.906,-19.594
1744248780.9873052,2025-04-10 11:33:00.987305,0.914,-19.586
1744248782.1137455,2025-04-10 11:33:02.113745,0.922,-19.57
1744248783.2422886,2025-04-10 11:33:03.242289,0.914,-19.523
1744248784.36818,2025-04-10 11:33:04.368180,0.914,-19.586
1744248786.5229192,2025-04-10 11:33:06.522919,0.922,-19.57
1744248787.6490228,2025-04-10 11:33:07.649023,0.93,-19.547
1744248788.7995594,2025-04-10 11:33:08.799559,0.922,-19.555
1744248789.8969321,2025-04-10 11:33:09.896932,0.922,-19.562
1744248791.0222564,2025-04-10 11:33:11.022256,0.922,-19.562
1744248792.1655595,2025-04-10 11:33:12.165560,0.922,-19.539
1744248793.3062432,2025-04-10 11:33:13.306243,0.938,-19.523
1744248794.4013982,2025-04-10 11:33:14.401398,0.922,-19.531
1744248795.4801865,2025-04-10 11:33:15.480186,0.938,-19.531
1744248796.559139,2025-04-10 11:33:16.559139,0.93,-19.523
1744248797.6356409,2025-04-10 11:33:17.635641,0.93,-19.531
1744248798.8067076,2025-04-10 11:33:18.806708,0.93,-19.516
1744248799.9329321,2025-04-10 11:33:19.932932,0.93,-19.523
1744248801.0604472,2025-04-10 11:33:21.060447,0.93,-19.531
1744248802.1327279,2025-04-10 11:33:22.132728,0.938,-19.539
1744248803.2129977,2025-04-10 11:33:23.212998,0.945,-19.57
1744248804.3339534,2025-04-10 11:33:24.333953,0.938,-19.555
1744248805.4839275,2025-04-10 11:33:25.483927,0.945,-19.555
1744248806.5887349,2025-04-10 11:33:26.588735,0.938,-19.562
1744248807.7156274,2025-04-10 11:33:27.715627,0.945,-19.555
1744248808.8461008,2025-04-10 11:33:28.846101,0.93,-19.555
1744248809.9199893,2025-04-10 11:33:29.919989,0.938,-19.523
1744248811.0946882,2025-04-10 11:33:31.094688,0.93,-19.547
1744248812.223861,2025-04-10 11:33:32.223861,0.938,-19.531
1744248813.3703969,2025-04-10 11:33:33.370397,0.938,-19.562
1744248814.473787,2025-04-10 11:33:34.473787,0.945,-19.539
1744248815.602962,2025-04-10 11:33:35.602962,0.953,-19.531
1744248816.693945,2025-04-10 11:33:36.693945,0.945,-19.516
1744248817.7680624,2025-04-10 11:33:37.768062,0.953,-19.508
1744248818.8775856,2025-04-10 11:33:38.877586,0.945,-19.508
1744248820.0031443,2025-04-10 11:33:40.003144,0.953,-19.5
1744248821.1289883,2025-04-10 11:33:41.128988,0.938,-19.492
1744248822.2573671,2025-04-10 11:33:42.257367,0.938,-19.492
1744248823.3800864,2025-04-10 11:33:43.380086,0.945,-19.477
1744248824.5090194,2025-04-10 11:33:44.509019,0.938,-19.461
1744248825.634352,2025-04-10 11:33:45.634352,0.945,-19.453
1744248826.762491,2025-04-10 11:33:46.762491,0.938,-19.469
1744248827.8357873,2025-04-10 11:33:47.835787,0.93,-19.523
1744248829.9375951,2025-04-10 11:33:49.937595,0.945,-19.5
1744248831.012374,2025-04-10 11:33:51.012374,0.945,-19.508
1744248832.0884793,2025-04-10 11:33:52.088479,0.945,-19.492
1744248833.214504,2025-04-10 11:33:53.214504,0.945,-19.5
1744248834.2892365,2025-04-10 11:33:54.289237,0.945,-19.484
1744248835.3627105,2025-04-10 11:33:55.362710,0.945,-19.484
1744248836.4410145,2025-04-10 11:33:56.441015,0.945,-19.484
1744248837.5162933,2025-04-10 11:33:57.516293,0.953,-19.477
1744248838.6435893,2025-04-10 11:33:58.643589,0.953,-19.492
1744248839.7669618,2025-04-10 11:33:59.766962,0.953,-19.477
1744248840.8457878,2025-04-10 11:34:00.845788,0.953,-19.461
1744248842.0202,2025-04-10 11:34:02.020200,0.953,-19.43
1744248843.146696,2025-04-10 11:34:03.146696,0.953,-19.445
1744248844.2221591,2025-04-10 11:34:04.222159,0.961,-19.43
1744248845.298202,2025-04-10 11:34:05.298202,0.953,-19.43
1744248846.4200633,2025-04-10 11:34:06.420063,0.953,-19.422
1744248847.551576,2025-04-10 11:34:07.551576,0.945,-19.406
1744248848.6772938,2025-04-10 11:34:08.677294,0.938,-19.398
1744248849.8017778,2025-04-10 11:34:09.801778,0.945,-19.406
1744248850.9311044,2025-04-10 11:34:10.931104,0.938,-19.398
1744248852.0042894,2025-04-10 11:34:12.004289,0.945,-19.398
1744248853.1826253,2025-04-10 11:34:13.182625,0.945,-19.391
1744248854.2605193,2025-04-10 11:34:14.260519,0.938,-19.383
1744248855.5376894,2025-04-10 11:34:15.537689,0.945,-19.391
1744248856.6118834,2025-04-10 11:34:16.611883,0.945,-19.375
1744248857.6836693,2025-04-10 11:34:17.683669,0.945,-19.383
1744248858.8228014,2025-04-10 11:34:18.822801,0.938,-19.383
1744248859.9556434,2025-04-10 11:34:19.955643,0.945,-19.375
1744248861.0305734,2025-04-10 11:34:21.030573,0.953,-19.352
1744248862.1028259,2025-04-10 11:34:22.102826,0.938,-19.391
1744248863.2166147,2025-04-10 11:34:23.216615,0.945,-19.352
1744248864.2902539,2025-04-10 11:34:24.290254,0.938,-19.344
1744248865.3721383,2025-04-10 11:34:25.372138,0.938,-19.344
1744248866.497577,2025-04-10 11:34:26.497577,0.93,-19.352
1744248867.6380363,2025-04-10 11:34:27.638036,0.93,-19.352
1744248868.76218,2025-04-10 11:34:28.762180,0.938,-19.352
1744248869.8739018,2025-04-10 11:34:29.873902,0.93,-19.367
1744248870.9705997,2025-04-10 11:34:30.970600,0.93,-19.383
1744248872.1386306,2025-04-10 11:34:32.138631,0.93,-19.375
1744248873.26098,2025-04-10 11:34:33.260980,0.93,-19.367
1744248874.3781862,2025-04-10 11:34:34.378186,0.93,-19.367
1744248875.5093322,2025-04-10 11:34:35.509332,0.93,-19.359
1744248876.6496985,2025-04-10 11:34:36.649698,0.922,-19.375
1744248877.7233944,2025-04-10 11:34:37.723394,0.922,-19.375
1744248878.7994175,2025-04-10 11:34:38.799417,0.922,-19.367
1744248879.9315193,2025-04-10 11:34:39.931519,0.914,-19.375
1744248881.0402274,2025-04-10 11:34:41.040227,0.914,-19.383
1744248882.1159995,2025-04-10 11:34:42.115999,0.914,-19.383
1744248883.2930536,2025-04-10 11:34:43.293054,0.906,-19.383
1744248884.4147947,2025-04-10 11:34:44.414795,0.906,-19.383
1744248885.4912784,2025-04-10 11:34:45.491278,0.93,-19.391
1744248886.5681548,2025-04-10 11:34:46.568155,0.914,-19.391
1744248887.6938708,2025-04-10 11:34:47.693871,0.883,-19.391
1744248888.821944,2025-04-10 11:34:48.821944,0.906,-19.391
1744248889.9472902,2025-04-10 11:34:49.947290,0.875,-19.383
1744248891.0723505,2025-04-10 11:34:51.072351,0.883,-19.375
1744248892.1974201,2025-04-10 11:34:52.197420,0.875,-19.391
1744248893.4290125,2025-04-10 11:34:53.429013,0.891,-19.383
1744248894.5031765,2025-04-10 11:34:54.503176,0.875,-19.391
1744248895.5786943,2025-04-10 11:34:55.578694,0.883,-19.383
1744248896.7009916,2025-04-10 11:34:56.700992,0.883,-19.383
1744248897.7764907,2025-04-10 11:34:57.776491,0.875,-19.375
1744248898.852666,2025-04-10 11:34:58.852666,0.883,-19.367
1744248899.9804964,2025-04-10 11:34:59.980496,0.875,-19.375
1744248902.1683056,2025-04-10 11:35:02.168306,0.875,-19.281
1744248903.2666602,2025-04-10 11:35:03.266660,0.875,-19.359
1744248904.4093235,2025-04-10 11:35:04.409323,0.875,-19.352
1744248905.494094,2025-04-10 11:35:05.494094,0.875,-19.352
1744248906.6403363,2025-04-10 11:35:06.640336,0.883,-19.359
1744248907.7779915,2025-04-10 11:35:07.777992,0.875,-19.344
1744248908.917437,2025-04-10 11:35:08.917437,0.867,-19.344
1744248910.0158334,2025-04-10 11:35:10.015833,0.867,-19.336
1744248911.1441715,2025-04-10 11:35:11.144171,0.859,-19.32
1744248912.2801435,2025-04-10 11:35:12.280143,0.867,-19.375
1744248913.4118438,2025-04-10 11:35:13.411844,0.852,-19.375
1744248914.5333762,2025-04-10 11:35:14.533376,0.867,-19.367
1744248915.6723526,2025-04-10 11:35:15.672353,0.867,-19.367
1744248916.7803931,2025-04-10 11:35:16.780393,0.852,-19.375
1744248917.8543098,2025-04-10 11:35:17.854310,0.859,-19.422
1744248918.9274733,2025-04-10 11:35:18.927473,0.867,-19.461
1744248920.0052655,2025-04-10 11:35:20.005265,0.867,-19.453
1744248921.177716,2025-04-10 11:35:21.177716,0.875,-19.422
1744248922.3035293,2025-04-10 11:35:22.303529,0.875,-19.414
1744248923.4513597,2025-04-10 11:35:23.451360,0.867,-19.414
1744248924.5293496,2025-04-10 11:35:24.529350,0.867,-19.398
1744248925.6130855,2025-04-10 11:35:25.613086,0.867,-19.398
1744248926.7073462,2025-04-10 11:35:26.707346,0.867,-19.406
1744248927.8510723,2025-04-10 11:35:27.851072,0.859,-19.422
1744248928.9596405,2025-04-10 11:35:28.959641,0.859,-19.414
1744248930.0343525,2025-04-10 11:35:30.034353,0.859,-19.406
1744248931.1336462,2025-04-10 11:35:31.133646,0.859,-19.438
1744248932.207403,2025-04-10 11:35:32.207403,0.859,-19.438
1744248933.362684,2025-04-10 11:35:33.362684,0.859,-19.438
1744248934.4874895,2025-04-10 11:35:34.487489,0.859,-19.422
1744248935.614553,2025-04-10 11:35:35.614553,0.852,-19.461
1744248936.7399852,2025-04-10 11:35:36.739985,0.852,-19.461
1744248937.8140173,2025-04-10 11:35:37.814017,0.844,-19.469
1744248938.886159,2025-04-10 11:35:38.886159,0.844,-19.484
1744248939.9612014,2025-04-10 11:35:39.961201,0.852,-19.469
1744248941.0351841,2025-04-10 11:35:41.035184,0.828,-19.445
1744248942.171301,2025-04-10 11:35:42.171301,0.852,-19.461
1744248943.3148875,2025-04-10 11:35:43.314888,0.844,-19.484
1744248944.4241974,2025-04-10 11:35:44.424197,0.852,-19.477
1744248945.5487146,2025-04-10 11:35:45.548715,0.852,-19.469
1744248946.6783805,2025-04-10 11:35:46.678380,0.859,-19.477
1744248947.775357,2025-04-10 11:35:47.775357,0.859,-19.461
1744248948.8537147,2025-04-10 11:35:48.853715,0.859,-19.445
1744248949.9515898,2025-04-10 11:35:49.951590,0.867,-19.438
1744248951.0806718,2025-04-10 11:35:51.080672,0.859,-19.43
1744248952.3123293,2025-04-10 11:35:52.312329,0.875,-19.422
1744248953.4477184,2025-04-10 11:35:53.447718,0.859,-19.453
1744248954.519603,2025-04-10 11:35:54.519603,0.883,-19.438
1744248955.5954585,2025-04-10 11:35:55.595459,0.867,-19.43
1744248956.7335026,2025-04-10 11:35:56.733503,0.867,-19.43
1744248957.838302,2025-04-10 11:35:57.838302,0.867,-19.43
1744248959.9451463,2025-04-10 11:35:59.945146,0.852,-19.438
1744248961.136343,2025-04-10 11:36:01.136343,0.836,-19.438
1744248962.2409675,2025-04-10 11:36:02.240968,0.836,-19.438
1744248963.317661,2025-04-10 11:36:03.317661,0.828,-19.43
1744248964.492449,2025-04-10 11:36:04.492449,0.836,-19.414
1744248965.6219003,2025-04-10 11:36:05.621900,0.828,-19.43
1744248966.6934671,2025-04-10 11:36:06.693467,0.836,-19.422
1744248967.877096,2025-04-10 11:36:07.877096,0.828,-19.43
1744248968.999425,2025-04-10 11:36:08.999425,0.828,-19.438
1744248970.1277518,2025-04-10 11:36:10.127752,0.828,-19.422
1744248971.2559614,2025-04-10 11:36:11.255961,0.859,-19.406
1744248972.3799663,2025-04-10 11:36:12.379966,0.859,-19.422
1744248973.507025,2025-04-10 11:36:13.507025,0.867,-19.422
1744248974.582076,2025-04-10 11:36:14.582076,0.859,-19.406
1744248975.6564865,2025-04-10 11:36:15.656487,0.859,-19.43
1744248976.7793663,2025-04-10 11:36:16.779366,0.867,-19.422
1744248977.911626,2025-04-10 11:36:17.911626,0.859,-19.422
1744248979.0540345,2025-04-10 11:36:19.054034,0.852,-19.422
1744248980.130018,2025-04-10 11:36:20.130018,0.859,-19.383
1744248981.2031105,2025-04-10 11:36:21.203110,0.859,-19.391
1744248982.3316567,2025-04-10 11:36:22.331657,0.867,-19.398
1744248983.440245,2025-04-10 11:36:23.440245,0.867,-19.383
1744248984.5859227,2025-04-10 11:36:24.585923,0.867,-19.297
1744248985.6920261,2025-04-10 11:36:25.692026,0.867,-19.391
1744248986.8169634,2025-04-10 11:36:26.816963,0.859,-19.344
1744248988.0462267,2025-04-10 11:36:28.046227,0.859,-19.352
1744248989.1784842,2025-04-10 11:36:29.178484,0.852,-19.375
1744248990.2530708,2025-04-10 11:36:30.253071,0.859,-19.375
1744248991.426963,2025-04-10 11:36:31.426963,0.867,-19.383
1744248992.5724628,2025-04-10 11:36:32.572463,0.859,-19.367
1744248993.67856,2025-04-10 11:36:33.678560,0.859,-19.359
1744248994.833915,2025-04-10 11:36:34.833915,0.859,-19.375
1744248995.9301894,2025-04-10 11:36:35.930189,0.859,-19.375
1744248997.1603289,2025-04-10 11:36:37.160329,0.867,-19.32
1744248998.2919035,2025-04-10 11:36:38.291903,0.859,-19.375
1744248999.3718712,2025-04-10 11:36:39.371871,0.852,-19.367
1744249000.4450617,2025-04-10 11:36:40.445062,0.844,-19.375
1744249001.5598662,2025-04-10 11:36:41.559866,0.859,-19.375
1744249002.6337087,2025-04-10 11:36:42.633709,0.859,-19.352
1744249003.7086978,2025-04-10 11:36:43.708698,0.852,-19.352
1744249004.8482883,2025-04-10 11:36:44.848288,0.844,-19.328
1744249005.9868968,2025-04-10 11:36:45.986897,0.852,-19.344
1744249007.1252832,2025-04-10 11:36:47.125283,0.852,-19.344
1744249008.2023165,2025-04-10 11:36:48.202317,0.844,-19.367
1744249009.279656,2025-04-10 11:36:49.279656,0.852,-19.367
1744249010.3691747,2025-04-10 11:36:50.369175,0.844,-19.375
1744249011.4996657,2025-04-10 11:36:51.499666,0.852,-19.383
1744249012.622952,2025-04-10 11:36:52.622952,0.828,-19.391
1744249013.7492108,2025-04-10 11:36:53.749211,0.859,-19.422
1744249014.8217888,2025-04-10 11:36:54.821789,0.867,-19.414
1744249015.9072368,2025-04-10 11:36:55.907237,0.867,-19.414
1744249017.028808,2025-04-10 11:36:57.028808,0.844,-19.422
1744249018.1065865,2025-04-10 11:36:58.106586,0.844,-19.445
1744249019.182762,2025-04-10 11:36:59.182762,0.844,-19.438
1744249020.2583687,2025-04-10 11:37:00.258369,0.852,-19.453
1744249021.3348045,2025-04-10 11:37:01.334805,0.859,-19.477
1744249022.410907,2025-04-10 11:37:02.410907,0.836,-19.477
1744249023.6812055,2025-04-10 11:37:03.681206,0.844,-19.492
1744249024.807685,2025-04-10 11:37:04.807685,0.844,-19.484
1744249025.9369955,2025-04-10 11:37:05.936996,0.844,-19.484
1744249027.1635387,2025-04-10 11:37:07.163539,0.836,-19.484
1744249028.2920756,2025-04-10 11:37:08.292076,0.836,-19.461
1744249029.36627,2025-04-10 11:37:09.366270,0.844,-19.445
1744249030.4422615,2025-04-10 11:37:10.442261,0.844,-19.43
1744249031.5689678,2025-04-10 11:37:11.568968,0.844,-19.422
1744249032.6912389,2025-04-10 11:37:12.691239,0.836,-19.414
1744249033.7641964,2025-04-10 11:37:13.764196,0.828,-19.406
1744249034.8428602,2025-04-10 11:37:14.842860,0.828,-19.406
1744249035.9706562,2025-04-10 11:37:15.970656,0.828,-19.406
1744249037.0478625,2025-04-10 11:37:17.047863,0.828,-19.398
1744249038.1486304,2025-04-10 11:37:18.148630,0.828,-19.383
1744249039.2478075,2025-04-10 11:37:19.247808,0.828,-19.367
1744249040.3217769,2025-04-10 11:37:20.321777,0.828,-19.367
1744249041.3975427,2025-04-10 11:37:21.397543,0.836,-19.359
1744249042.52391,2025-04-10 11:37:22.523910,0.836,-19.312
1744249043.6686294,2025-04-10 11:37:23.668629,0.836,-19.375
1744249044.7787929,2025-04-10 11:37:24.778793,0.844,-19.375
1744249045.9034657,2025-04-10 11:37:25.903466,0.836,-19.391
1744249047.0003517,2025-04-10 11:37:27.000352,0.836,-19.391
1744249048.1730316,2025-04-10 11:37:28.173032,0.836,-19.375
1744249049.2499104,2025-04-10 11:37:29.249910,0.828,-19.398
1744249050.4114294,2025-04-10 11:37:30.411429,0.828,-19.383
1744249051.6430957,2025-04-10 11:37:31.643096,0.828,-19.375
1744249052.7629359,2025-04-10 11:37:32.762936,0.828,-19.375
1744249053.9024665,2025-04-10 11:37:33.902467,0.828,-19.32
1744249055.0173552,2025-04-10 11:37:35.017355,0.828,-19.383
1744249056.1446512,2025-04-10 11:37:36.144651,0.82,-19.359
1744249057.2870286,2025-04-10 11:37:37.287029,0.82,-19.352
1744249058.4159958,2025-04-10 11:37:38.415996,0.82,-19.359
1744249059.4874117,2025-04-10 11:37:39.487412,0.82,-19.352
1744249060.5619287,2025-04-10 11:37:40.561929,0.758,-19.367
1744249061.634756,2025-04-10 11:37:41.634756,0.742,-19.367
1744249062.7051706,2025-04-10 11:37:42.705171,0.75,-19.352
1744249063.778302,2025-04-10 11:37:43.778302,0.75,-19.359
1744249064.9520745,2025-04-10 11:37:44.952075,0.766,-19.336
1744249066.0994227,2025-04-10 11:37:46.099423,0.773,-19.359
1744249067.2143202,2025-04-10 11:37:47.214320,0.758,-19.352
1744249068.3316023,2025-04-10 11:37:48.331602,0.758,-19.352
1744249069.485124,2025-04-10 11:37:49.485124,0.758,-19.359
1744249070.5837598,2025-04-10 11:37:50.583760,0.758,-19.344
1744249071.7062533,2025-04-10 11:37:51.706253,0.773,-19.344
1744249072.83411,2025-04-10 11:37:52.834110,0.766,-19.328
1744249073.982817,2025-04-10 11:37:53.982817,0.773,-19.352
1744249075.0590525,2025-04-10 11:37:55.059052,0.773,-19.344
1744249076.2155402,2025-04-10 11:37:56.215540,0.789,-19.352
1744249077.340478,2025-04-10 11:37:57.340478,0.781,-19.352
1744249078.4712756,2025-04-10 11:37:58.471276,0.828,-19.352
1744249079.6128218,2025-04-10 11:37:59.612822,0.813,-19.367
1744249080.7191465,2025-04-10 11:38:00.719146,0.828,-19.336
1744249081.7932677,2025-04-10 11:38:01.793268,0.805,-19.289
1744249082.868408,2025-04-10 11:38:02.868408,0.805,-19.328
1744249083.9439552,2025-04-10 11:38:03.943955,0.797,-19.32
1744249085.021714,2025-04-10 11:38:05.021714,0.813,-19.336
1744249086.0982962,2025-04-10 11:38:06.098296,0.813,-19.336
1744249087.1733973,2025-04-10 11:38:07.173397,0.82,-19.312
1744249088.2979066,2025-04-10 11:38:08.297907,0.82,-19.32
1744249089.3747158,2025-04-10 11:38:09.374716,0.789,-19.32
1744249090.452164,2025-04-10 11:38:10.452164,0.805,-19.312
1744249091.5777283,2025-04-10 11:38:11.577728,0.82,-19.32
1744249092.6994166,2025-04-10 11:38:12.699417,0.813,-19.32
1744249093.8281941,2025-04-10 11:38:13.828194,0.82,-19.328
1744249094.974231,2025-04-10 11:38:14.974231,0.82,-19.305
1744249096.0459504,2025-04-10 11:38:16.045950,0.813,-19.297
1744249097.2084277,2025-04-10 11:38:17.208428,0.805,-19.289
1744249098.331272,2025-04-10 11:38:18.331272,0.805,-19.242
1744249099.4612706,2025-04-10 11:38:19.461271,0.789,-19.281
1744249100.605981,2025-04-10 11:38:20.605981,0.797,-19.367
1744249101.6824446,2025-04-10 11:38:21.682445,0.789,-19.352
1744249102.7566855,2025-04-10 11:38:22.756685,0.797,-19.266
1744249103.9659276,2025-04-10 11:38:23.965928,0.805,-19.281
1744249105.0927258,2025-04-10 11:38:25.092726,0.813,-19.281
1744249106.2181168,2025-04-10 11:38:26.218117,0.797,-19.25
1744249107.3456173,2025-04-10 11:38:27.345617,0.805,-19.281
1744249108.419594,2025-04-10 11:38:28.419594,0.789,-19.219
1744249109.496109,2025-04-10 11:38:29.496109,0.805,-19.273
1744249110.6205785,2025-04-10 11:38:30.620579,0.805,-19.25
1744249111.7500274,2025-04-10 11:38:31.750027,0.813,-19.266
1744249112.8971083,2025-04-10 11:38:32.897108,0.82,-19.25
1744249114.0019343,2025-04-10 11:38:34.001934,0.805,-19.258
1744249115.129449,2025-04-10 11:38:35.129449,0.82,-19.273
1744249116.2077034,2025-04-10 11:38:36.207703,0.797,-19.266
1744249117.2931104,2025-04-10 11:38:37.293110,0.813,-19.266
1744249118.404236,2025-04-10 11:38:38.404236,0.813,-19.273
1744249119.4858205,2025-04-10 11:38:39.485821,0.797,-19.273
1744249120.579319,2025-04-10 11:38:40.579319,0.813,-19.234
1744249121.7020843,2025-04-10 11:38:41.702084,0.813,-19.297
1744249122.7760499,2025-04-10 11:38:42.776050,0.797,-19.273
1744249123.907734,2025-04-10 11:38:43.907734,0.805,-19.258
1744249125.0014029,2025-04-10 11:38:45.001403,0.813,-19.266
1744249126.0877512,2025-04-10 11:38:46.087751,0.813,-19.258
1744249127.191432,2025-04-10 11:38:47.191432,0.805,-19.242
1744249128.4479878,2025-04-10 11:38:48.447988,0.813,-19.242
1744249129.6857893,2025-04-10 11:38:49.685789,0.805,-19.234
1744249130.8077385,2025-04-10 11:38:50.807739,0.797,-19.242
1744249132.041377,2025-04-10 11:38:52.041377,0.805,-19.25
1744249133.250297,2025-04-10 11:38:53.250297,0.805,-19.227
1744249134.3213975,2025-04-10 11:38:54.321398,0.805,-19.242
1744249135.403407,2025-04-10 11:38:55.403407,0.805,-19.234
1744249136.532019,2025-04-10 11:38:56.532019,0.813,-19.227
1744249137.6629577,2025-04-10 11:38:57.662958,0.813,-19.25
1744249138.7850347,2025-04-10 11:38:58.785035,0.813,-19.234
1744249139.8911247,2025-04-10 11:38:59.891125,0.82,-19.234
1744249141.018664,2025-04-10 11:39:01.018664,0.82,-19.227
1744249142.1440976,2025-04-10 11:39:02.144098,0.813,-19.164
1744249143.2003329,2025-04-10 11:39:03.200333,0.813,-19.195
1744249144.258628,2025-04-10 11:39:04.258628,0.813,-19.18
1744249145.3177483,2025-04-10 11:39:05.317748,0.82,-19.172
1744249146.4902506,2025-04-10 11:39:06.490251,0.82,-19.172
1744249147.5671823,2025-04-10 11:39:07.567182,0.82,-19.148
1744249148.638486,2025-04-10 11:39:08.638486,0.828,-19.172
1744249149.7372582,2025-04-10 11:39:09.737258,0.828,-19.156
1744249150.8098466,2025-04-10 11:39:10.809847,0.828,-19.156
1744249151.8885496,2025-04-10 11:39:11.888550,0.836,-19.156
1744249153.0197434,2025-04-10 11:39:13.019743,0.852,-19.148
1744249154.1414514,2025-04-10 11:39:14.141451,0.836,-19.148
1744249155.269402,2025-04-10 11:39:15.269402,0.836,-19.156
1744249156.347478,2025-04-10 11:39:16.347478,0.836,-19.148
1744249157.418849,2025-04-10 11:39:17.418849,0.836,-19.141
1744249158.514032,2025-04-10 11:39:18.514032,0.844,-19.156
1744249159.7036548,2025-04-10 11:39:19.703655,0.844,-19.195
1744249160.8297443,2025-04-10 11:39:20.829744,0.828,-19.227
1744249161.9225693,2025-04-10 11:39:21.922569,0.828,-19.281
1744249163.156731,2025-04-10 11:39:23.156731,0.828,-19.188
1744249164.2283294,2025-04-10 11:39:24.228329,0.82,-19.227
1744249165.3271031,2025-04-10 11:39:25.327103,0.836,-19.219
1744249166.4016614,2025-04-10 11:39:26.401661,0.844,-19.227
1744249167.564102,2025-04-10 11:39:27.564102,0.836,-19.219
1744249168.6886215,2025-04-10 11:39:28.688622,0.836,-19.227
1744249169.7769048,2025-04-10 11:39:29.776905,0.836,-19.227
1744249170.9377787,2025-04-10 11:39:30.937779,0.844,-19.203
1744249172.0715914,2025-04-10 11:39:32.071591,0.844,-19.195
1744249173.1463308,2025-04-10 11:39:33.146331,0.836,-19.195
1744249174.4197278,2025-04-10 11:39:34.419728,-0.148,-16.703
1744249175.4953802,2025-04-10 11:39:35.495380,1.07,-21.125
1744249176.5738401,2025-04-10 11:39:36.573840,-1.781,-15.469
1744249177.6962743,2025-04-10 11:39:37.696274,0.0,0.023
1744249178.822128,2025-04-10 11:39:38.822128,0.0,0.328
1744249179.9484637,2025-04-10 11:39:39.948464,0.32,4.938
1744249181.0727038,2025-04-10 11:39:41.072704,0.633,-19.633
1744249182.2036452,2025-04-10 11:39:42.203645,0.633,-25.484
1744249183.4337883,2025-04-10 11:39:43.433788,20.125,-28.578
1744249184.5095465,2025-04-10 11:39:44.509547,29.836,-29.492
1744249185.5857096,2025-04-10 11:39:45.585710,31.07,-30.359
1744249186.7066808,2025-04-10 11:39:46.706681,31.484,-30.953
1744249187.833502,2025-04-10 11:39:47.833502,31.617,-31.688
1744249188.9775538,2025-04-10 11:39:48.977554,31.617,-32.156
1744249190.089333,2025-04-10 11:39:50.089333,31.57,-32.352
1744249191.2134662,2025-04-10 11:39:51.213466,31.445,-32.461
1744249192.3414536,2025-04-10 11:39:52.341454,31.312,-32.562
1744249193.5709226,2025-04-10 11:39:53.570923,31.148,-32.625
1744249194.6438384,2025-04-10 11:39:54.643838,31.016,-32.648
1744249195.7192783,2025-04-10 11:39:55.719278,30.875,-32.664
1744249196.8054078,2025-04-10 11:39:56.805408,30.727,-32.664
1744249197.970346,2025-04-10 11:39:57.970346,30.586,-32.656
1744249199.1030653,2025-04-10 11:39:59.103065,30.469,-32.594
1744249200.1769783,2025-04-10 11:40:00.176978,30.328,-32.586
1744249201.349334,2025-04-10 11:40:01.349334,30.195,-32.539
1744249202.4234018,2025-04-10 11:40:02.423402,30.062,-32.484
1744249203.5011384,2025-04-10 11:40:03.501138,29.93,-32.43
1744249204.5745552,2025-04-10 11:40:04.574555,29.813,-32.383
1744249205.6532595,2025-04-10 11:40:05.653260,29.68,-32.344
1744249206.7802033,2025-04-10 11:40:06.780203,29.547,-32.312
1744249207.906081,2025-04-10 11:40:07.906081,29.414,-32.266
1744249209.032234,2025-04-10 11:40:09.032234,29.312,-32.25
1744249210.1914916,2025-04-10 11:40:10.191492,29.188,-32.227
1744249211.2792537,2025-04-10 11:40:11.279254,29.07,-32.211
1744249212.4154463,2025-04-10 11:40:12.415446,28.945,-32.203
1744249213.5674179,2025-04-10 11:40:13.567418,28.82,-32.188
1744249214.6604002,2025-04-10 11:40:14.660400,28.719,-32.172
1744249215.808608,2025-04-10 11:40:15.808608,28.625,-32.156
1744249217.054864,2025-04-10 11:40:17.054864,28.508,-32.164
1744249218.1432672,2025-04-10 11:40:18.143267,28.406,-32.156
1744249219.2720447,2025-04-10 11:40:19.272045,28.297,-32.188
1744249220.4275455,2025-04-10 11:40:20.427546,28.203,-32.219
1744249221.9365342,2025-04-10 11:40:21.936534,28.078,-32.25
1744249223.082865,2025-04-10 11:40:23.082865,28.0,-32.289
1744249224.2589095,2025-04-10 11:40:24.258909,27.906,-32.32
1744249225.3335395,2025-04-10 11:40:25.333539,27.828,-32.359
1744249226.4492629,2025-04-10 11:40:26.449263,27.742,-32.391
1744249228.6539905,2025-04-10 11:40:28.653991,27.578,-32.469
1744249229.820611,2025-04-10 11:40:29.820611,27.5,-32.516
1744249230.8954601,2025-04-10 11:40:30.895460,27.414,-32.555
1744249231.970083,2025-04-10 11:40:31.970083,27.352,-32.602
1744249233.096409,2025-04-10 11:40:33.096409,27.281,-32.648
1744249234.2207143,2025-04-10 11:40:34.220714,27.203,-32.688
1744249235.3482094,2025-04-10 11:40:35.348209,27.133,-32.734
1744249236.606827,2025-04-10 11:40:36.606827,27.055,-32.797
1744249237.7036264,2025-04-10 11:40:37.703626,26.984,-32.844
1744249238.8305736,2025-04-10 11:40:38.830574,26.906,-32.891
1744249239.9572954,2025-04-10 11:40:39.957295,26.836,-32.938
1744249241.095253,2025-04-10 11:40:41.095253,26.773,-32.984
1744249243.2809522,2025-04-10 11:40:43.280952,26.648,-33.086
1744249244.3601487,2025-04-10 11:40:44.360149,26.586,-33.125
1744249245.4445353,2025-04-10 11:40:45.444535,26.531,-33.172
1744249246.561866,2025-04-10 11:40:46.561866,26.453,-33.211
1744249247.7450485,2025-04-10 11:40:47.745049,26.406,-33.258
1744249248.8693597,2025-04-10 11:40:48.869360,26.344,-33.305
1744249249.943305,2025-04-10 11:40:49.943305,26.289,-33.328
1744249251.1411345,2025-04-10 11:40:51.141135,26.234,-33.383
1744249252.2435067,2025-04-10 11:40:52.243507,26.188,-33.414
1744249253.3743641,2025-04-10 11:40:53.374364,26.133,-33.469
1744249254.455296,2025-04-10 11:40:54.455296,26.086,-33.508
1744249255.6272502,2025-04-10 11:40:55.627250,26.008,-33.547
1744249256.7053165,2025-04-10 11:40:56.705317,25.953,-33.57
1744249257.8930147,2025-04-10 11:40:57.893015,25.898,-33.609
1744249259.0043666,2025-04-10 11:40:59.004367,25.844,-33.648
1744249260.1299863,2025-04-10 11:41:00.129986,25.789,-33.672
1744249261.2158818,2025-04-10 11:41:01.215882,25.734,-33.688
1744249262.3966382,2025-04-10 11:41:02.396638,25.672,-33.719
1744249263.5142307,2025-04-10 11:41:03.514231,25.609,-33.742
1744249264.6365294,2025-04-10 11:41:04.636529,25.555,-33.758
1744249265.7101016,2025-04-10 11:41:05.710102,25.484,-33.789
1744249266.803042,2025-04-10 11:41:06.803042,25.445,-33.805
1744249267.8797853,2025-04-10 11:41:07.879785,25.398,-33.82
1744249268.953298,2025-04-10 11:41:08.953298,25.352,-33.844
1744249270.0635865,2025-04-10 11:41:10.063586,25.312,-33.859
1744249271.1986098,2025-04-10 11:41:11.198610,25.258,-33.891
1744249272.419646,2025-04-10 11:41:12.419646,25.188,-33.906
1744249273.5451124,2025-04-10 11:41:13.545112,25.141,-33.914
1744249274.6740174,2025-04-10 11:41:14.674017,25.102,-33.93
1744249275.7988472,2025-04-10 11:41:15.798847,25.055,-33.938
1744249276.8754659,2025-04-10 11:41:16.875466,25.0,-33.938
1744249277.9492085,2025-04-10 11:41:17.949208,24.969,-33.938
1744249279.0760198,2025-04-10 11:41:19.076020,24.93,-33.953
1744249280.152166,2025-04-10 11:41:20.152166,24.867,-33.953
1744249281.3274047,2025-04-10 11:41:21.327405,24.812,-33.961
1744249282.4519262,2025-04-10 11:41:22.451926,24.766,-33.961
1744249283.5827355,2025-04-10 11:41:23.582736,24.719,-33.961
1744249284.7083118,2025-04-10 11:41:24.708312,24.672,-33.961
1744249285.8339207,2025-04-10 11:41:25.833921,24.633,-33.969
1744249286.9103694,2025-04-10 11:41:26.910369,24.578,-33.961
1744249287.9869158,2025-04-10 11:41:27.986916,24.539,-33.961
1744249289.1117148,2025-04-10 11:41:29.111715,24.477,-33.961
1744249290.1879275,2025-04-10 11:41:30.187927,24.43,-33.953
1744249291.2634034,2025-04-10 11:41:31.263403,24.375,-33.945
1744249292.38374,2025-04-10 11:41:32.383740,24.328,-33.945
1744249293.5105982,2025-04-10 11:41:33.510598,24.281,-33.938
1744249294.5844293,2025-04-10 11:41:34.584429,24.234,-33.922
1744249295.664003,2025-04-10 11:41:35.664003,24.18,-33.906
1744249296.796318,2025-04-10 11:41:36.796318,24.141,-33.898
1744249297.9171958,2025-04-10 11:41:37.917196,24.094,-33.875
1744249299.059676,2025-04-10 11:41:39.059676,24.047,-33.867
1744249300.169101,2025-04-10 11:41:40.169101,24.0,-33.852
1744249301.2412543,2025-04-10 11:41:41.241254,23.945,-33.828
1744249302.335224,2025-04-10 11:41:42.335224,23.914,-33.82
1744249303.4424458,2025-04-10 11:41:43.442446,23.859,-33.805
1744249304.5747652,2025-04-10 11:41:44.574765,23.812,-33.781
1744249305.6987083,2025-04-10 11:41:45.698708,23.773,-33.773
1744249306.7896726,2025-04-10 11:41:46.789673,23.719,-33.758
1744249307.868465,2025-04-10 11:41:47.868465,23.672,-33.734
1744249308.9490025,2025-04-10 11:41:48.949003,23.633,-33.719
1744249310.0332258,2025-04-10 11:41:50.033226,23.586,-33.695
1744249311.1252704,2025-04-10 11:41:51.125270,23.539,-33.672
1744249312.253207,2025-04-10 11:41:52.253207,23.5,-33.648
1744249313.377373,2025-04-10 11:41:53.377373,23.461,-33.617
1744249314.4523869,2025-04-10 11:41:54.452387,23.422,-33.586
1744249315.5289814,2025-04-10 11:41:55.528981,23.375,-33.57
1744249316.657741,2025-04-10 11:41:56.657741,23.336,-33.539
1744249317.7323666,2025-04-10 11:41:57.732367,23.305,-33.516
1744249318.9093766,2025-04-10 11:41:58.909377,23.258,-33.477
1744249320.034186,2025-04-10 11:42:00.034186,23.211,-33.445
1744249321.160086,2025-04-10 11:42:01.160086,23.172,-33.414
1744249322.2862887,2025-04-10 11:42:02.286289,23.117,-33.375
1744249323.5157473,2025-04-10 11:42:03.515747,23.086,-33.336
1744249324.6559868,2025-04-10 11:42:04.655987,23.047,-33.305
1744249325.7947233,2025-04-10 11:42:05.794723,23.0,-33.266
1744249326.8962688,2025-04-10 11:42:06.896269,22.977,-33.234
1744249327.9907234,2025-04-10 11:42:07.990723,22.93,-33.203
1744249329.0663342,2025-04-10 11:42:09.066334,22.891,-33.172
1744249330.725216,2025-04-10 11:42:10.725216,22.836,-33.141
1744249331.8095431,2025-04-10 11:42:11.809543,22.805,-33.102
1744249332.9353626,2025-04-10 11:42:12.935363,22.766,-33.07
1744249334.0627594,2025-04-10 11:42:14.062759,22.711,-33.039
1744249335.254745,2025-04-10 11:42:15.254745,22.672,-33.0
1744249336.4176223,2025-04-10 11:42:16.417622,22.641,-32.969
1744249337.5438204,2025-04-10 11:42:17.543820,22.602,-32.93
1744249338.6915662,2025-04-10 11:42:18.691566,22.578,-32.883
1744249339.8084345,2025-04-10 11:42:19.808434,22.523,-32.852
1744249340.922407,2025-04-10 11:42:20.922407,22.492,-32.82
1744249342.0669358,2025-04-10 11:42:22.066936,22.453,-32.781
1744249343.189195,2025-04-10 11:42:23.189195,22.43,-32.742
1744249344.3133914,2025-04-10 11:42:24.313391,22.383,-32.695
1744249345.4378765,2025-04-10 11:42:25.437876,22.336,-32.664
1744249346.558024,2025-04-10 11:42:26.558024,22.32,-32.633
1744249347.6362257,2025-04-10 11:42:27.636226,22.281,-32.586
1744249348.7232175,2025-04-10 11:42:28.723217,22.25,-32.547
1744249349.8400884,2025-04-10 11:42:29.840088,22.211,-32.5
1744249351.3072257,2025-04-10 11:42:31.307226,22.18,-32.445
1744249352.6242847,2025-04-10 11:42:32.624285,22.133,-32.383
1744249353.778936,2025-04-10 11:42:33.778936,22.094,-32.352
1744249354.953135,2025-04-10 11:42:34.953135,22.055,-32.305
1744249356.2243626,2025-04-10 11:42:36.224363,22.023,-32.25
1744249357.3211863,2025-04-10 11:42:37.321186,21.984,-32.219
1744249358.5092258,2025-04-10 11:42:38.509226,21.938,-32.172
1744249359.7406983,2025-04-10 11:42:39.740698,21.898,-32.125
1744249360.8953044,2025-04-10 11:42:40.895304,21.867,-32.102
1744249362.0178218,2025-04-10 11:42:42.017822,21.836,-32.047
1744249363.144097,2025-04-10 11:42:43.144097,21.805,-32.0
1744249364.2721717,2025-04-10 11:42:44.272172,21.781,-31.961
1744249365.3956542,2025-04-10 11:42:45.395654,21.742,-31.906
1744249366.4720361,2025-04-10 11:42:46.472036,21.711,-31.867
1744249367.5542908,2025-04-10 11:42:47.554291,21.672,-31.828
1744249368.6756399,2025-04-10 11:42:48.675640,21.656,-31.797
1744249369.9073846,2025-04-10 11:42:49.907385,21.617,-31.742
1744249370.9884536,2025-04-10 11:42:50.988454,21.578,-31.711
1744249372.1567276,2025-04-10 11:42:52.156728,21.555,-31.664
1744249373.3113627,2025-04-10 11:42:53.311363,21.508,-31.625
1744249374.3963633,2025-04-10 11:42:54.396363,21.484,-31.594
1744249375.5330067,2025-04-10 11:42:55.533007,21.453,-31.539
1744249376.6088357,2025-04-10 11:42:56.608836,21.43,-31.5
1744249377.6853046,2025-04-10 11:42:57.685305,21.391,-31.461
1744249378.808661,2025-04-10 11:42:58.808661,21.359,-31.422
1744249379.8861296,2025-04-10 11:42:59.886130,21.336,-31.383
1744249381.0657477,2025-04-10 11:43:01.065748,21.297,-31.336
1744249382.2911747,2025-04-10 11:43:02.291175,21.281,-31.297
1744249383.8243415,2025-04-10 11:43:03.824342,21.234,-31.234
1744249385.0591767,2025-04-10 11:43:05.059177,21.219,-31.203
1744249386.200145,2025-04-10 11:43:06.200145,21.188,-31.164
1744249387.3172371,2025-04-10 11:43:07.317237,21.156,-31.125
1744249388.4362147,2025-04-10 11:43:08.436215,21.133,-31.078
1744249389.5156684,2025-04-10 11:43:09.515668,21.102,-31.047
1744249390.6096818,2025-04-10 11:43:10.609682,21.078,-31.008
1744249391.6903005,2025-04-10 11:43:11.690300,21.047,-30.961
1744249392.7659073,2025-04-10 11:43:12.765907,21.008,-30.93
1744249393.842133,2025-04-10 11:43:13.842133,21.008,-30.883
1744249395.1012046,2025-04-10 11:43:15.101205,20.977,-30.852
1744249396.2164311,2025-04-10 11:43:16.216431,20.953,-30.82
1744249397.4247394,2025-04-10 11:43:17.424739,20.914,-30.781
1744249398.589288,2025-04-10 11:43:18.589288,20.891,-30.742
1744249399.7093232,2025-04-10 11:43:19.709323,20.875,-30.703
1744249401.0232744,2025-04-10 11:43:21.023274,20.852,-30.664
1744249402.272069,2025-04-10 11:43:22.272069,20.82,-30.633
1744249403.46982,2025-04-10 11:43:23.469820,20.812,-30.594
1744249404.6201766,2025-04-10 11:43:24.620177,20.766,-30.562
1744249405.7418842,2025-04-10 11:43:25.741884,20.75,-30.531
1744249406.8733335,2025-04-10 11:43:26.873333,20.727,-30.5
1744249407.9954307,2025-04-10 11:43:27.995431,20.695,-30.461
1744249409.1388505,2025-04-10 11:43:29.138850,20.672,-30.43
1744249410.220433,2025-04-10 11:43:30.220433,20.648,-30.398
1744249411.2998772,2025-04-10 11:43:31.299877,20.633,-30.367
1744249412.436975,2025-04-10 11:43:32.436975,20.602,-30.336
1744249413.5850325,2025-04-10 11:43:33.585032,20.586,-30.297
1744249414.7022808,2025-04-10 11:43:34.702281,20.555,-30.266
1744249415.9656105,2025-04-10 11:43:35.965611,20.539,-30.227
1744249417.104646,2025-04-10 11:43:37.104646,20.516,-30.188
1744249418.345247,2025-04-10 11:43:38.345247,20.492,-30.164
1744249419.5617347,2025-04-10 11:43:39.561735,20.469,-30.117
1744249420.705381,2025-04-10 11:43:40.705381,20.445,-30.102
1744249421.81922,2025-04-10 11:43:41.819220,20.414,-30.07
1744249423.0261855,2025-04-10 11:43:43.026186,20.398,-30.039
1744249424.1890059,2025-04-10 11:43:44.189006,20.375,-30.008
1744249425.3525195,2025-04-10 11:43:45.352520,20.359,-29.977
1744249426.5860372,2025-04-10 11:43:46.586037,20.336,-29.953
1744249427.8196704,2025-04-10 11:43:47.819670,20.312,-29.922
1744249428.985951,2025-04-10 11:43:48.985951,20.289,-29.883
1744249430.1223276,2025-04-10 11:43:50.122328,20.266,-29.852
1744249431.642348,2025-04-10 11:43:51.642348,20.234,-29.805
1744249432.9565542,2025-04-10 11:43:52.956554,20.219,-29.773
1744249434.3312137,2025-04-10 11:43:54.331214,20.195,-29.742
1744249435.5155277,2025-04-10 11:43:55.515528,20.172,-29.727
1744249436.7885833,2025-04-10 11:43:56.788583,20.156,-29.688
1744249438.1983147,2025-04-10 11:43:58.198315,20.148,-29.656
1744249439.4361227,2025-04-10 11:43:59.436123,20.117,-29.625
1744249440.7086852,2025-04-10 11:44:00.708685,20.094,-29.586
1744249441.818813,2025-04-10 11:44:01.818813,20.078,-29.563
1744249443.158849,2025-04-10 11:44:03.158849,20.055,-29.539
1744249444.2391338,2025-04-10 11:44:04.239134,20.039,-29.516
1744249445.3149471,2025-04-10 11:44:05.314947,20.0,-29.492
1744249446.418117,2025-04-10 11:44:06.418117,20.0,-29.461
1744249447.7243805,2025-04-10 11:44:07.724380,19.977,-29.43
1744249448.9053454,2025-04-10 11:44:08.905345,19.953,-29.398
1744249452.0222914,2025-04-10 11:44:12.022291,19.898,-29.32
1744249453.292005,2025-04-10 11:44:13.292005,19.883,-29.297
1744249454.5209405,2025-04-10 11:44:14.520941,19.867,-29.273
1744249455.7128246,2025-04-10 11:44:15.712825,19.844,-29.258
1744249456.8412852,2025-04-10 11:44:16.841285,19.812,-29.227
1744249458.0877674,2025-04-10 11:44:18.087767,19.805,-29.219
1744249459.1637714,2025-04-10 11:44:19.163771,19.805,-29.195
1744249460.2576475,2025-04-10 11:44:20.257648,19.781,-29.18
1744249461.3595183,2025-04-10 11:44:21.359518,19.773,-29.156
1744249462.664366,2025-04-10 11:44:22.664366,19.742,-29.141
1744249463.7992082,2025-04-10 11:44:23.799208,19.742,-29.125
1744249465.0558934,2025-04-10 11:44:25.055893,19.727,-29.109
1744249466.206602,2025-04-10 11:44:26.206602,19.719,-29.078
1744249467.3173704,2025-04-10 11:44:27.317370,19.695,-29.078
1744249468.4480717,2025-04-10 11:44:28.448072,19.672,-29.062
1744249469.6630285,2025-04-10 11:44:29.663028,19.656,-29.047
1744249471.7548234,2025-04-10 11:44:31.754823,19.633,-29.023
1744249472.8722565,2025-04-10 11:44:32.872257,19.617,-29.008
1744249474.1325724,2025-04-10 11:44:34.132572,19.602,-28.984
1744249475.2676826,2025-04-10 11:44:35.267683,19.586,-28.969
1744249476.5352821,2025-04-10 11:44:36.535282,19.562,-28.945
1744249477.7332077,2025-04-10 11:44:37.733208,19.547,-28.93
1744249478.9978843,2025-04-10 11:44:38.997884,19.523,-28.906
1744249480.073927,2025-04-10 11:44:40.073927,19.5,-28.891
1744249481.3341882,2025-04-10 11:44:41.334188,19.5,-28.875
1744249482.4604843,2025-04-10 11:44:42.460484,19.484,-28.852
1744249483.5670018,2025-04-10 11:44:43.567002,19.469,-28.836
1744249484.69448,2025-04-10 11:44:44.694480,19.461,-28.82
1744249485.8316045,2025-04-10 11:44:45.831604,19.445,-28.805
1744249486.9445183,2025-04-10 11:44:46.944518,19.438,-28.797
1744249488.1702144,2025-04-10 11:44:48.170214,19.422,-28.789
1744249489.2454364,2025-04-10 11:44:49.245436,19.383,-28.766
1744249490.3264399,2025-04-10 11:44:50.326440,19.383,-28.758
1744249491.410192,2025-04-10 11:44:51.410192,19.383,-28.742
1744249492.4813497,2025-04-10 11:44:52.481350,19.367,-28.734
1744249493.5560203,2025-04-10 11:44:53.556020,19.359,-28.719
1744249494.6416492,2025-04-10 11:44:54.641649,19.344,-28.703
1744249495.7156427,2025-04-10 11:44:55.715643,19.344,-28.695
1744249496.893696,2025-04-10 11:44:56.893696,19.328,-28.672
1744249498.0012808,2025-04-10 11:44:58.001281,19.32,-28.656
1744249499.130922,2025-04-10 11:44:59.130922,19.297,-28.641
1744249500.251371,2025-04-10 11:45:00.251371,19.281,-28.625
1744249501.3761828,2025-04-10 11:45:01.376183,19.273,-28.609
1744249502.5068226,2025-04-10 11:45:02.506823,19.258,-28.594
1744249503.6376727,2025-04-10 11:45:03.637673,19.258,-28.586
1744249504.759009,2025-04-10 11:45:04.759009,19.25,-28.562
1744249505.8903482,2025-04-10 11:45:05.890348,19.234,-28.539
1744249507.0133388,2025-04-10 11:45:07.013339,19.227,-28.523
1744249508.2010565,2025-04-10 11:45:08.201056,19.203,-28.508
1744249509.4919887,2025-04-10 11:45:09.491989,19.188,-28.492
1744249510.6075678,2025-04-10 11:45:10.607568,19.18,-28.484
1744249511.741111,2025-04-10 11:45:11.741111,19.172,-28.469
1744249512.9296618,2025-04-10 11:45:12.929662,19.148,-28.453
1744249514.0030758,2025-04-10 11:45:14.003076,19.141,-28.438
1744249515.0991397,2025-04-10 11:45:15.099140,19.133,-28.43
1744249516.2269628,2025-04-10 11:45:16.226963,19.125,-28.422
1744249517.318843,2025-04-10 11:45:17.318843,19.117,-28.406
1744249518.4824455,2025-04-10 11:45:18.482445,19.102,-28.406
1744249519.6600885,2025-04-10 11:45:19.660089,19.094,-28.391
1744249520.8334548,2025-04-10 11:45:20.833455,19.078,-28.375
1744249521.9878836,2025-04-10 11:45:21.987884,19.07,-28.375
1744249523.1108809,2025-04-10 11:45:23.110881,19.055,-28.359
1744249524.2130299,2025-04-10 11:45:24.213030,19.047,-28.352
1744249525.3505704,2025-04-10 11:45:25.350570,19.031,-28.336
1744249526.466083,2025-04-10 11:45:26.466083,19.016,-28.328
1744249527.7231102,2025-04-10 11:45:27.723110,19.0,-28.328
1744249528.7998688,2025-04-10 11:45:28.799869,18.984,-28.328
1744249530.0524092,2025-04-10 11:45:30.052409,18.992,-28.305
1744249531.264249,2025-04-10 11:45:31.264249,18.992,-28.289
1744249532.4510877,2025-04-10 11:45:32.451088,18.969,-28.281
1744249533.706053,2025-04-10 11:45:33.706053,18.961,-28.266
1744249534.8845255,2025-04-10 11:45:34.884526,18.945,-28.258
1744249536.0643303,2025-04-10 11:45:36.064330,18.93,-28.242
1744249537.4034631,2025-04-10 11:45:37.403463,18.914,-28.234
1744249538.5485275,2025-04-10 11:45:38.548527,18.914,-28.227
1744249539.6492083,2025-04-10 11:45:39.649208,18.898,-28.219
1744249540.776164,2025-04-10 11:45:40.776164,18.891,-28.227
1744249541.9275913,2025-04-10 11:45:41.927591,18.883,-28.219
1744249543.0547025,2025-04-10 11:45:43.054703,18.867,-28.219
1744249544.2552361,2025-04-10 11:45:44.255236,18.867,-28.211
1744249545.412068,2025-04-10 11:45:45.412068,18.859,-28.203
1744249546.5437531,2025-04-10 11:45:46.543753,18.852,-28.211
1744249547.6653676,2025-04-10 11:45:47.665368,18.844,-28.195
1744249548.7431524,2025-04-10 11:45:48.743152,18.828,-28.188
1744249549.9785974,2025-04-10 11:45:49.978597,18.828,-28.18
1744249551.3622642,2025-04-10 11:45:51.362264,18.812,-28.164
1744249553.4961054,2025-04-10 11:45:53.496105,18.797,-28.156
1744249554.72308,2025-04-10 11:45:54.723080,18.766,-28.141
1744249556.8076205,2025-04-10 11:45:56.807621,18.742,-28.141
1744249557.9088514,2025-04-10 11:45:57.908851,18.734,-28.133
1744249559.0281265,2025-04-10 11:45:59.028126,18.727,-28.141
1744249560.1683743,2025-04-10 11:46:00.168374,18.719,-28.133
1744249561.2821102,2025-04-10 11:46:01.282110,18.719,-28.117
1744249562.547762,2025-04-10 11:46:02.547762,18.703,-28.117
1744249563.6414294,2025-04-10 11:46:03.641429,18.695,-28.109
1744249564.7673333,2025-04-10 11:46:04.767333,18.688,-28.094
1744249565.8925002,2025-04-10 11:46:05.892500,18.68,-28.094
1744249567.0206726,2025-04-10 11:46:07.020673,18.672,-28.094
1744249568.2349448,2025-04-10 11:46:08.234945,18.656,-28.086
1744249569.407963,2025-04-10 11:46:09.407963,18.656,-28.078
1744249570.5016084,2025-04-10 11:46:10.501608,18.641,-28.055
1744249571.6803007,2025-04-10 11:46:11.680301,18.641,-28.055
1744249572.8740118,2025-04-10 11:46:12.874012,18.625,-28.047
1744249573.9591885,2025-04-10 11:46:13.959188,18.609,-28.039
1744249575.1114695,2025-04-10 11:46:15.111470,18.594,-28.039
1744249576.2001638,2025-04-10 11:46:16.200164,18.602,-28.039
1744249577.3604586,2025-04-10 11:46:17.360459,18.578,-28.039
1744249578.4871356,2025-04-10 11:46:18.487136,18.562,-28.039
1744249579.6232677,2025-04-10 11:46:19.623268,18.57,-28.031
1744249580.7384458,2025-04-10 11:46:20.738446,18.562,-28.031
1744249581.8724635,2025-04-10 11:46:21.872463,18.555,-28.023
1744249582.9525094,2025-04-10 11:46:22.952509,18.555,-28.016
1744249584.1210136,2025-04-10 11:46:24.121014,18.555,-28.039
1744249585.2511694,2025-04-10 11:46:25.251169,18.523,-28.031
1744249586.48882,2025-04-10 11:46:26.488820,18.523,-28.031
1744249587.5837579,2025-04-10 11:46:27.583758,18.508,-28.016
1744249588.72434,2025-04-10 11:46:28.724340,18.5,-28.008
1744249589.8525562,2025-04-10 11:46:29.852556,18.492,-28.0
1744249591.0797505,2025-04-10 11:46:31.079751,18.477,-27.992
1744249592.2236452,2025-04-10 11:46:32.223645,18.477,-27.977
1744249593.3488097,2025-04-10 11:46:33.348810,18.477,-27.977
1744249594.4231474,2025-04-10 11:46:34.423147,18.453,-27.969
1744249595.4989052,2025-04-10 11:46:35.498905,18.445,-27.961
1744249596.6397576,2025-04-10 11:46:36.639758,18.445,-27.953
1744249597.74285,2025-04-10 11:46:37.742850,18.43,-27.969
1744249598.8590772,2025-04-10 11:46:38.859077,18.43,-27.953
1744249600.1319945,2025-04-10 11:46:40.131994,18.422,-27.953
1744249601.2470813,2025-04-10 11:46:41.247081,18.414,-27.945
1744249602.3216817,2025-04-10 11:46:42.321682,18.406,-27.938
1744249603.467405,2025-04-10 11:46:43.467405,18.391,-27.93
1744249604.6942472,2025-04-10 11:46:44.694247,18.383,-27.93
1744249605.929207,2025-04-10 11:46:45.929207,18.375,-27.93
1744249607.0038698,2025-04-10 11:46:47.003870,18.359,-27.922
1744249608.1461933,2025-04-10 11:46:48.146193,18.352,-27.922
1744249609.2472446,2025-04-10 11:46:49.247245,18.344,-27.906
1744249610.3241167,2025-04-10 11:46:50.324117,18.328,-27.906
1744249611.455554,2025-04-10 11:46:51.455554,18.32,-27.906
1744249612.5302258,2025-04-10 11:46:52.530226,18.328,-27.914
1744249613.637277,2025-04-10 11:46:53.637277,18.305,-27.898
1744249614.7054672,2025-04-10 11:46:54.705467,18.297,-27.898
1744249615.7805107,2025-04-10 11:46:55.780511,18.297,-27.898
1744249616.8541744,2025-04-10 11:46:56.854174,18.289,-27.891
1744249618.0100152,2025-04-10 11:46:58.010015,18.273,-27.891
1744249619.137287,2025-04-10 11:46:59.137287,18.266,-27.891
1744249620.2876103,2025-04-10 11:47:00.287610,18.258,-27.883
1744249621.390384,2025-04-10 11:47:01.390384,18.242,-27.875
1744249622.5027137,2025-04-10 11:47:02.502714,18.219,-27.867
1744249623.7511008,2025-04-10 11:47:03.751101,18.211,-27.859
1744249624.9095979,2025-04-10 11:47:04.909598,18.211,-27.852
1744249625.997668,2025-04-10 11:47:05.997668,18.195,-27.859
1744249627.12215,2025-04-10 11:47:07.122150,18.188,-27.852
1744249628.3547127,2025-04-10 11:47:08.354713,18.18,-27.844
1744249629.5869498,2025-04-10 11:47:09.586950,18.172,-27.836
1744249630.7063117,2025-04-10 11:47:10.706312,18.156,-27.836
1744249631.8507545,2025-04-10 11:47:11.850754,18.164,-27.828
1744249633.060297,2025-04-10 11:47:13.060297,18.148,-27.836
1744249634.1897526,2025-04-10 11:47:14.189753,18.133,-27.82
1744249635.266164,2025-04-10 11:47:15.266164,18.117,-27.812
1744249636.430887,2025-04-10 11:47:16.430887,18.133,-27.812
1744249637.512122,2025-04-10 11:47:17.512122,18.117,-27.82
1744249638.5895925,2025-04-10 11:47:18.589592,18.117,-27.812
1744249639.7123218,2025-04-10 11:47:19.712322,18.109,-27.836
1744249640.8449597,2025-04-10 11:47:20.844960,18.102,-27.828
1744249642.177994,2025-04-10 11:47:22.177994,18.094,-27.836
1744249643.3034058,2025-04-10 11:47:23.303406,18.086,-27.836
1744249644.4274476,2025-04-10 11:47:24.427448,18.07,-27.82
1744249645.5563529,2025-04-10 11:47:25.556353,18.062,-27.82
1744249646.6807692,2025-04-10 11:47:26.680769,18.047,-27.812
1744249647.8092291,2025-04-10 11:47:27.809229,18.047,-27.797
1744249648.8868294,2025-04-10 11:47:28.886829,18.039,-27.797
1744249650.182562,2025-04-10 11:47:30.182562,18.039,-27.789
1744249651.2891276,2025-04-10 11:47:31.289128,18.031,-27.797
1744249652.4188008,2025-04-10 11:47:32.418801,18.023,-27.781
1744249653.5441701,2025-04-10 11:47:33.544170,18.023,-27.781
1744249654.6687536,2025-04-10 11:47:34.668754,18.008,-27.773
1744249655.7430885,2025-04-10 11:47:35.743088,18.0,-27.758
1744249656.8201632,2025-04-10 11:47:36.820163,17.984,-27.781
1744249657.8971364,2025-04-10 11:47:37.897136,17.984,-27.789
1744249658.9722564,2025-04-10 11:47:38.972256,17.977,-27.773
1744249660.0957246,2025-04-10 11:47:40.095725,17.977,-27.773
1744249661.22311,2025-04-10 11:47:41.223110,17.969,-27.773
1744249662.299725,2025-04-10 11:47:42.299725,17.969,-27.758
1744249663.475171,2025-04-10 11:47:43.475171,17.961,-27.766
1744249664.600741,2025-04-10 11:47:44.600741,17.953,-27.766
1744249665.7281008,2025-04-10 11:47:45.728101,17.938,-27.773
1744249666.8503926,2025-04-10 11:47:46.850393,17.906,-27.766
1744249667.980145,2025-04-10 11:47:47.980145,17.898,-27.766
1744249669.1081922,2025-04-10 11:47:49.108192,17.898,-27.766
1744249670.2472236,2025-04-10 11:47:50.247224,17.883,-27.766
1744249671.3599432,2025-04-10 11:47:51.359943,17.883,-27.766
1744249672.487687,2025-04-10 11:47:52.487687,17.844,-27.758
1744249673.6137872,2025-04-10 11:47:53.613787,17.82,-27.789
1744249674.6898615,2025-04-10 11:47:54.689862,17.82,-27.773
1744249675.7655783,2025-04-10 11:47:55.765578,17.797,-27.758
1744249676.8883152,2025-04-10 11:47:56.888315,17.797,-27.75
1744249677.964393,2025-04-10 11:47:57.964393,17.805,-27.75
1744249679.0556386,2025-04-10 11:47:59.055639,17.781,-27.742
1744249680.1651075,2025-04-10 11:48:00.165107,17.781,-27.734
1744249681.288512,2025-04-10 11:48:01.288512,17.789,-27.742
1744249682.4169383,2025-04-10 11:48:02.416938,17.781,-27.734
1744249683.5593634,2025-04-10 11:48:03.559363,17.766,-27.734
1744249684.636242,2025-04-10 11:48:04.636242,17.766,-27.727
1744249685.8001933,2025-04-10 11:48:05.800193,17.758,-27.727
1744249686.9234872,2025-04-10 11:48:06.923487,17.758,-27.719
1744249687.998337,2025-04-10 11:48:07.998337,17.75,-27.711
1744249689.1754587,2025-04-10 11:48:09.175459,17.742,-27.711
1744249690.26286,2025-04-10 11:48:10.262860,17.742,-27.711
1744249691.446871,2025-04-10 11:48:11.446871,17.727,-27.703
1744249692.5560534,2025-04-10 11:48:12.556053,17.727,-27.703
1744249693.6787138,2025-04-10 11:48:13.678714,17.719,-27.703
1744249694.8653321,2025-04-10 11:48:14.865332,17.711,-27.703
1744249695.9390802,2025-04-10 11:48:15.939080,17.703,-27.703
1744249697.1610632,2025-04-10 11:48:17.161063,17.688,-27.711
1744249698.2394,2025-04-10 11:48:18.239400,17.68,-27.711
1744249699.4173672,2025-04-10 11:48:19.417367,17.672,-27.703
1744249700.544879,2025-04-10 11:48:20.544879,17.68,-27.703
1744249701.807302,2025-04-10 11:48:21.807302,17.648,-27.719
1744249702.9181454,2025-04-10 11:48:22.918145,17.648,-27.719
1744249704.0467362,2025-04-10 11:48:24.046736,17.648,-27.719
1744249705.1222813,2025-04-10 11:48:25.122281,17.633,-27.719
1744249706.2803783,2025-04-10 11:48:26.280378,17.625,-27.727
1744249707.4086423,2025-04-10 11:48:27.408642,17.609,-27.727
1744249708.532979,2025-04-10 11:48:28.532979,17.602,-27.727
1744249709.6791995,2025-04-10 11:48:29.679199,17.578,-27.727
1744249710.7883928,2025-04-10 11:48:30.788393,17.57,-27.727
1744249711.9354165,2025-04-10 11:48:31.935416,17.562,-27.719
1744249713.032839,2025-04-10 11:48:33.032839,17.562,-27.719
1744249714.1726513,2025-04-10 11:48:34.172651,17.562,-27.719
1744249715.2892678,2025-04-10 11:48:35.289268,17.562,-27.703
1744249716.3638477,2025-04-10 11:48:36.363848,17.555,-27.703
1744249717.4458673,2025-04-10 11:48:37.445867,17.531,-27.703
1744249718.5189486,2025-04-10 11:48:38.518949,17.531,-27.695
1744249719.623631,2025-04-10 11:48:39.623631,17.516,-27.695
1744249720.7083437,2025-04-10 11:48:40.708344,17.5,-27.703
1744249721.8470492,2025-04-10 11:48:41.847049,17.492,-27.695
1744249723.0072372,2025-04-10 11:48:43.007237,17.492,-27.695
1744249724.407312,2025-04-10 11:48:44.407312,17.469,-27.695
1744249725.5363712,2025-04-10 11:48:45.536371,17.469,-27.695
1744249726.6713612,2025-04-10 11:48:46.671361,17.461,-27.703
1744249727.8103049,2025-04-10 11:48:47.810305,17.461,-27.695
1744249728.912912,2025-04-10 11:48:48.912912,17.453,-27.695
1744249730.0510762,2025-04-10 11:48:50.051076,17.422,-27.688
1744249731.1769884,2025-04-10 11:48:51.176988,17.406,-27.68
1744249732.2956567,2025-04-10 11:48:52.295657,17.391,-27.68
1744249733.5256941,2025-04-10 11:48:53.525694,17.391,-27.672
1744249734.6002223,2025-04-10 11:48:54.600222,17.391,-27.664
1744249735.687089,2025-04-10 11:48:55.687089,17.391,-27.672
1744249736.8005242,2025-04-10 11:48:56.800524,17.375,-27.672
1744249737.8861375,2025-04-10 11:48:57.886137,17.359,-27.672
1744249738.962367,2025-04-10 11:48:58.962367,17.367,-27.672
1744249740.0941935,2025-04-10 11:49:00.094193,17.375,-27.656
1744249741.196484,2025-04-10 11:49:01.196484,17.352,-27.664
1744249742.3226228,2025-04-10 11:49:02.322623,17.352,-27.68
1744249743.449984,2025-04-10 11:49:03.449984,17.336,-27.672
1744249744.5269945,2025-04-10 11:49:04.526994,17.328,-27.656
1744249745.709822,2025-04-10 11:49:05.709822,17.32,-27.664
1744249746.8295736,2025-04-10 11:49:06.829574,17.312,-27.656
1744249747.9595366,2025-04-10 11:49:07.959537,17.305,-27.648
1744249749.0766969,2025-04-10 11:49:09.076697,17.297,-27.648
1744249750.2110538,2025-04-10 11:49:10.211054,17.289,-27.648
1744249751.2842135,2025-04-10 11:49:11.284214,17.289,-27.648
1744249752.461499,2025-04-10 11:49:12.461499,17.266,-27.641
1744249753.6043792,2025-04-10 11:49:13.604379,17.266,-27.641
1744249754.7280722,2025-04-10 11:49:14.728072,17.25,-27.641
1744249755.8485568,2025-04-10 11:49:15.848557,17.234,-27.633
1744249756.9714797,2025-04-10 11:49:16.971480,17.234,-27.641
1744249758.0978973,2025-04-10 11:49:18.097897,17.234,-27.641
1744249759.1805294,2025-04-10 11:49:19.180529,17.227,-27.641
1744249760.3424928,2025-04-10 11:49:20.342493,17.219,-27.641
1744249761.502916,2025-04-10 11:49:21.502916,17.211,-27.641
1744249762.5957534,2025-04-10 11:49:22.595753,17.203,-27.641
1744249763.7211897,2025-04-10 11:49:23.721190,17.188,-27.641
1744249764.851309,2025-04-10 11:49:24.851309,17.188,-27.633
1744249765.9809434,2025-04-10 11:49:25.980943,17.172,-27.625
1744249767.2115586,2025-04-10 11:49:27.211559,17.164,-27.625
1744249768.3412058,2025-04-10 11:49:28.341206,17.164,-27.625
1744249769.4227602,2025-04-10 11:49:29.422760,17.156,-27.625
1744249770.584869,2025-04-10 11:49:30.584869,17.148,-27.633
1744249771.714782,2025-04-10 11:49:31.714782,17.156,-27.633
1744249772.8371444,2025-04-10 11:49:32.837144,17.148,-27.633
1744249773.9945567,2025-04-10 11:49:33.994557,17.141,-27.633
1744249775.2079306,2025-04-10 11:49:35.207931,17.133,-27.648
1744249776.322813,2025-04-10 11:49:36.322813,17.117,-27.641
1744249777.4001832,2025-04-10 11:49:37.400183,17.117,-27.641
1744249778.5731838,2025-04-10 11:49:38.573184,17.109,-27.648
1744249779.6523213,2025-04-10 11:49:39.652321,17.102,-27.648
1744249780.8237908,2025-04-10 11:49:40.823791,17.094,-27.641
1744249781.9491491,2025-04-10 11:49:41.949149,17.094,-27.641
1744249783.0651164,2025-04-10 11:49:43.065116,17.086,-27.641
1744249784.3092551,2025-04-10 11:49:44.309255,17.07,-27.641
1744249785.4514666,2025-04-10 11:49:45.451467,17.07,-27.641
1744249786.5680804,2025-04-10 11:49:46.568080,17.055,-27.633
1744249787.7084975,2025-04-10 11:49:47.708498,17.047,-27.641
