timestamp,A0,A1,A2,A3
2025-04-10 12:16:04,0.0,1.266,1.594,1.594
2025-04-10 12:16:06,0.938,1.266,1.906,0.641
2025-04-10 12:16:07,0.969,1.281,1.906,0.953
2025-04-10 12:16:08,0.938,1.297,1.938,0.328
2025-04-10 12:16:09,0.969,1.234,1.891,0.625
2025-04-10 12:16:10,0.969,1.25,1.891,0.969
2025-04-10 12:16:11,0.969,1.297,1.891,0.672
2025-04-10 12:16:12,0.984,1.266,1.906,0.953
2025-04-10 12:16:13,0.969,1.266,1.906,0.609
2025-04-10 12:16:15,0.969,1.297,1.875,0.625
2025-04-10 12:16:16,0.984,1.25,1.891,0.938
2025-04-10 12:16:17,0.969,1.266,1.906,0.656
2025-04-10 12:16:18,0.969,1.266,1.891,0.953
2025-04-10 12:16:19,0.953,1.281,1.891,0.625
2025-04-10 12:16:20,0.969,1.25,1.922,0.672
2025-04-10 12:16:22,0.969,1.266,1.906,0.625
2025-04-10 12:16:23,0.984,1.25,1.891,0.938
2025-04-10 12:16:24,0.953,1.25,1.891,0.641
2025-04-10 12:16:25,0.969,1.25,1.891,0.641
2025-04-10 12:16:26,0.969,1.25,1.891,0.672
2025-04-10 12:16:27,0.984,1.25,1.891,0.953
2025-04-10 12:16:28,0.969,1.25,1.891,0.625
2025-04-10 12:16:29,0.969,1.25,1.891,0.938
2025-04-10 12:16:31,0.969,1.234,1.891,0.641
2025-04-10 12:16:32,0.969,1.25,1.906,0.641
2025-04-10 12:16:33,0.984,1.266,1.906,0.625
2025-04-10 12:16:34,0.969,1.266,1.891,0.953
2025-04-10 12:16:35,0.984,1.266,1.891,0.641
2025-04-10 12:16:36,0.969,1.281,1.922,0.938
2025-04-10 12:16:37,0.969,1.25,1.578,0.953
2025-04-10 12:16:38,1.281,0.938,1.578,0.938
2025-04-10 12:16:40,0.984,0.938,0.922,0.938
2025-04-10 12:16:41,1.609,1.266,3.156,1.266
2025-04-10 12:16:42,0.953,1.25,0.625,0.625
2025-04-10 12:16:43,1.297,1.281,1.891,0.625
2025-04-10 12:16:44,1.922,1.25,1.906,0.625
2025-04-10 12:16:45,1.297,1.266,1.891,0.969
2025-04-10 12:16:46,1.266,0.953,1.922,0.641
2025-04-10 12:16:48,2.219,0.984,1.938,0.641
2025-04-10 12:16:49,3.469,0.938,1.922,0.938
2025-04-10 12:16:50,2.547,0.953,1.891,0.953
2025-04-10 12:16:51,3.156,0.938,2.188,0.641
2025-04-10 12:16:52,2.875,0.938,2.188,0.609
2025-04-10 12:16:53,2.234,1.234,1.875,0.656
2025-04-10 12:16:54,1.922,1.25,1.266,0.953
2025-04-10 12:16:56,4.125,0.594,1.891,0.938
2025-04-10 12:16:57,3.828,0.938,1.891,0.953
2025-04-10 12:16:58,3.469,1.234,1.875,0.625
2025-04-10 12:17:00,3.781,3.078,1.906,0.625
2025-04-10 12:17:01,3.172,3.25,1.906,0.953
2025-04-10 12:17:02,2.547,3.094,2.203,0.625
2025-04-10 12:17:03,2.875,1.797,1.891,0.938
2025-04-10 12:17:05,5.359,3.438,0.625,0.922
2025-04-10 12:17:06,5.047,3.156,1.891,0.625
2025-04-10 12:17:07,3.797,3.688,2.219,0.609
2025-04-10 12:17:08,4.438,3.141,3.672,0.609
2025-04-10 12:17:09,4.75,3.047,3.703,0.656
2025-04-10 12:17:10,2.891,1.203,1.859,2.562
2025-04-10 12:17:12,3.828,3.422,2.141,1.578
2025-04-10 12:17:13,3.469,2.406,1.828,0.625
2025-04-10 12:17:14,5.078,3.141,3.703,0.625
2025-04-10 12:17:15,3.812,2.734,3.344,5.328
2025-04-10 12:17:16,3.766,3.391,3.391,4.391
2025-04-10 12:17:17,3.5,2.406,3.391,3.656
2025-04-10 12:17:18,6.031,5.531,7.172,7.688
2025-04-10 12:17:19,4.453,2.984,3.625,4.594
2025-04-10 12:17:21,3.469,2.719,3.703,3.344
2025-04-10 12:17:22,4.094,3.047,3.641,4.328
2025-04-10 12:17:23,3.844,2.734,3.703,2.75
2025-04-10 12:17:24,3.812,2.781,3.562,3.984
2025-04-10 12:17:25,4.078,3.078,3.078,4.359
2025-04-10 12:17:26,3.781,3.391,3.078,3.969
2025-04-10 12:17:27,3.5,3.375,2.734,4.016
2025-04-10 12:17:29,2.844,3.391,3.062,4.016
2025-04-10 12:17:30,3.188,3.344,2.797,3.656
2025-04-10 12:17:31,3.828,3.062,3.672,4.375
2025-04-10 12:17:32,3.5,3.359,3.078,4.016
2025-04-10 12:17:33,3.156,3.031,3.484,3.312
2025-04-10 12:17:34,3.797,3.0,3.297,4.344
2025-04-10 12:17:35,3.5,3.391,3.062,4.0
2025-04-10 12:17:37,3.203,3.359,3.062,3.672
2025-04-10 12:17:38,2.844,3.375,2.734,3.984
2025-04-10 12:17:39,3.797,3.062,3.391,4.047
2025-04-10 12:17:40,4.094,2.797,3.703,4.297
2025-04-10 12:17:41,3.797,3.375,2.594,4.312
2025-04-10 12:17:42,3.172,3.078,3.062,4.328
2025-04-10 12:17:43,3.812,3.062,3.672,4.328
2025-04-10 12:17:45,3.562,2.438,3.672,3.391
2025-04-10 12:17:46,3.812,2.766,3.672,3.344
2025-04-10 12:17:47,3.234,3.359,3.375,2.828
2025-04-10 12:17:48,3.797,3.078,3.344,4.938
2025-04-10 12:17:49,4.109,3.125,3.703,4.328
2025-04-10 12:17:50,3.844,3.281,3.078,4.344
2025-04-10 12:17:52,3.484,3.078,3.031,4.672
2025-04-10 12:17:53,3.156,2.344,3.375,2.766
2025-04-10 12:17:54,3.172,3.359,3.047,3.656
2025-04-10 12:17:55,3.781,3.094,3.656,3.734
2025-04-10 12:17:56,4.062,3.062,3.688,4.641
2025-04-10 12:17:57,3.469,2.109,3.672,3.328
2025-04-10 12:17:59,3.5,3.375,2.766,4.078
2025-04-10 12:18:00,3.484,2.734,3.656,4.0
2025-04-10 12:18:01,3.516,3.078,3.484,3.094
2025-04-10 12:18:02,3.734,3.062,3.422,4.031
2025-04-10 12:18:03,3.156,3.672,2.828,3.953
2025-04-10 12:18:04,2.828,3.391,3.047,4.047
2025-04-10 12:18:05,4.078,2.75,3.672,3.672
2025-04-10 12:18:07,3.797,2.734,3.594,3.719
2025-04-10 12:18:08,3.484,2.766,3.688,4.016
2025-04-10 12:18:09,2.641,3.391,3.375,2.75
2025-04-10 12:18:10,3.438,3.062,3.719,3.984
2025-04-10 12:18:11,3.188,3.375,3.391,4.312
2025-04-10 12:18:12,3.141,3.406,3.078,3.375
2025-04-10 12:18:13,3.812,3.062,3.656,4.297
2025-04-10 12:18:15,3.5,2.75,3.406,3.219
2025-04-10 12:18:16,3.531,2.734,3.766,3.359
2025-04-10 12:18:17,3.516,3.141,3.375,4.422
2025-04-10 12:18:18,3.75,3.344,3.047,4.625
2025-04-10 12:18:19,3.141,3.359,3.078,2.797
2025-04-10 12:18:22,3.203,2.406,3.703,3.391
2025-04-10 12:18:23,3.188,3.359,3.391,3.672
2025-04-10 12:18:24,3.5,2.406,3.688,3.312
2025-04-10 12:18:25,3.484,3.344,3.109,4.625
2025-04-10 12:18:26,2.859,3.281,2.625,3.312
2025-04-10 12:18:27,3.766,3.094,3.375,4.609
2025-04-10 12:18:29,3.156,3.359,3.031,4.938
2025-04-10 12:18:30,3.188,2.75,3.422,2.719
2025-04-10 12:18:31,3.766,2.109,3.703,3.688
2025-04-10 12:18:32,3.172,3.672,2.797,3.641
2025-04-10 12:18:33,3.234,2.438,3.344,3.094
2025-04-10 12:18:34,3.438,2.641,3.734,3.719
2025-04-10 12:18:35,3.484,3.094,3.688,4.359
2025-04-10 12:18:36,3.172,3.062,3.375,3.375
2025-04-10 12:18:38,3.484,3.406,3.062,4.922
2025-04-10 12:18:39,2.859,3.328,3.031,4.031
2025-04-10 12:18:40,3.797,3.062,3.344,4.25
2025-04-10 12:18:41,3.797,3.047,3.047,4.672
2025-04-10 12:18:42,3.484,2.609,3.672,2.781
2025-04-10 12:18:43,3.484,3.391,3.656,4.188
2025-04-10 12:18:44,3.172,3.359,2.734,3.688
2025-04-10 12:18:46,3.281,3.094,3.688,3.391
2025-04-10 12:18:47,2.859,2.984,3.391,3.453
2025-04-10 12:18:48,3.469,2.719,3.688,2.734
2025-04-10 12:18:49,3.141,2.453,4.016,3.062
2025-04-10 12:18:50,3.125,3.359,2.469,4.359
2025-04-10 12:18:51,3.188,3.344,3.078,3.703
2025-04-10 12:18:52,3.609,2.75,3.719,4.312
2025-04-10 12:18:54,3.562,3.109,3.047,4.938
2025-04-10 12:18:55,3.516,2.625,3.656,3.703
2025-04-10 12:18:56,3.484,2.75,3.359,2.422
2025-04-10 12:18:57,2.531,3.141,2.719,4.281
2025-04-10 12:18:58,2.391,2.75,3.672,2.953
2025-04-10 12:18:59,3.734,3.094,3.984,4.359
2025-04-10 12:19:00,3.172,2.719,3.672,3.078
2025-04-10 12:19:02,2.859,3.344,3.406,3.578
2025-04-10 12:19:03,2.828,3.359,2.969,3.656
2025-04-10 12:19:04,3.125,3.344,3.078,4.312
2025-04-10 12:19:05,3.453,3.062,3.047,4.094
2025-04-10 12:19:06,3.844,3.0,3.062,3.922
2025-04-10 12:19:07,3.5,2.0,3.688,2.953
2025-04-10 12:19:08,3.188,3.422,2.328,4.641
2025-04-10 12:19:10,3.438,3.047,3.094,4.344
2025-04-10 12:19:11,3.766,2.75,3.688,3.344
2025-04-10 12:19:12,3.109,3.078,2.438,4.625
2025-04-10 12:19:13,3.188,3.047,3.609,3.438
2025-04-10 12:19:14,3.516,2.688,3.656,3.109
2025-04-10 12:19:15,3.188,3.062,2.781,4.031
2025-04-10 12:19:16,3.5,3.062,3.391,3.047
2025-04-10 12:19:17,2.859,3.078,3.984,3.672
2025-04-10 12:19:19,3.172,3.078,3.391,3.625
2025-04-10 12:19:20,0.875,-2.188,1.906,-1.266
2025-04-10 12:19:21,-1.094,-0.625,-1.922,1.844
2025-04-10 12:19:23,1.734,-2.188,2.141,-0.312
2025-04-10 12:19:24,3.125,3.125,3.016,4.297
2025-04-10 12:19:25,3.422,3.047,3.391,4.094
2025-04-10 12:19:27,3.469,2.734,3.688,3.297
2025-04-10 12:19:28,3.531,2.719,3.672,3.391
2025-04-10 12:19:29,3.812,2.766,3.656,4.031
2025-04-10 12:19:30,3.484,3.062,3.375,4.344
2025-04-10 12:19:31,3.188,3.359,3.406,3.562
2025-04-10 12:19:32,2.859,3.359,3.375,3.344
2025-04-10 12:19:33,3.484,3.406,3.078,4.609
2025-04-10 12:19:35,3.172,3.359,3.391,3.047
2025-04-10 12:19:36,3.766,2.75,3.688,3.625
2025-04-10 12:19:37,3.484,2.719,3.688,3.094
2025-04-10 12:19:38,3.172,2.125,3.719,2.688
2025-04-10 12:19:39,2.516,3.375,3.047,3.734
2025-04-10 12:19:40,2.812,3.391,2.734,3.906
2025-04-10 12:19:41,3.172,3.031,3.391,3.375
2025-04-10 12:19:42,3.5,3.094,3.391,4.406
2025-04-10 12:19:44,3.812,3.062,3.672,4.625
2025-04-10 12:19:45,2.859,3.391,3.031,4.672
2025-04-10 12:19:46,3.797,3.062,3.703,4.656
2025-04-10 12:19:47,3.172,3.281,3.047,3.969
2025-04-10 12:19:48,3.172,3.094,3.672,3.672
2025-04-10 12:19:49,3.109,2.969,2.328,4.0
2025-04-10 12:19:50,2.875,3.047,3.391,3.188
2025-04-10 12:19:52,3.422,3.062,3.359,4.344
2025-04-10 12:19:53,3.188,3.359,3.062,3.703
2025-04-10 12:19:54,3.172,3.391,3.078,4.0
2025-04-10 12:19:55,3.0,3.359,3.062,4.0
2025-04-10 12:19:56,3.172,3.391,4.031,3.703
2025-04-10 12:19:57,3.172,3.422,3.359,3.984
2025-04-10 12:19:58,3.172,3.719,3.062,3.484
2025-04-10 12:20:00,3.281,2.781,3.391,3.359
2025-04-10 12:20:01,3.766,2.797,3.344,4.016
2025-04-10 12:20:02,3.172,3.375,3.094,3.984
2025-04-10 12:20:03,3.188,3.406,3.031,4.047
2025-04-10 12:20:04,3.938,2.766,3.672,3.891
2025-04-10 12:20:05,3.188,2.719,3.688,3.125
2025-04-10 12:20:06,3.172,2.438,3.688,4.062
2025-04-10 12:20:07,2.844,3.391,2.719,3.969
2025-04-10 12:20:09,2.25,3.359,3.047,3.672
2025-04-10 12:20:10,3.203,3.406,3.094,3.688
2025-04-10 12:20:11,3.797,3.062,3.703,4.0
2025-04-10 12:20:12,3.188,2.484,3.359,3.391
2025-04-10 12:20:13,3.844,3.078,3.438,4.375
2025-04-10 12:20:14,2.875,3.375,3.047,3.438
2025-04-10 12:20:15,3.875,2.781,3.672,4.031
2025-04-10 12:20:17,3.109,3.062,3.672,4.391
2025-04-10 12:20:18,3.172,2.094,3.688,3.375
2025-04-10 12:20:19,3.484,2.438,3.688,3.672
2025-04-10 12:20:20,2.875,3.344,3.078,3.391
2025-04-10 12:20:21,3.203,2.75,3.719,3.359
2025-04-10 12:20:22,3.172,3.391,2.953,4.719
2025-04-10 12:20:23,2.875,3.375,3.047,4.344
2025-04-10 12:20:25,3.453,3.391,3.047,4.312
2025-04-10 12:20:26,4.078,3.078,3.344,4.344
2025-04-10 12:20:27,3.891,2.062,3.656,3.703
2025-04-10 12:20:28,3.281,2.438,3.688,3.375
2025-04-10 12:20:29,3.797,2.719,3.594,4.234
2025-04-10 12:20:30,3.562,3.078,3.391,2.922
2025-04-10 12:20:31,3.844,3.125,3.734,4.0
2025-04-10 12:20:33,3.797,2.75,3.656,4.047
2025-04-10 12:20:34,3.484,2.766,3.688,3.078
2025-04-10 12:20:35,3.438,3.094,3.406,4.328
2025-04-10 12:20:36,2.922,3.406,3.031,4.312
2025-04-10 12:20:37,3.172,2.453,3.344,3.125
2025-04-10 12:20:38,2.844,2.234,3.391,3.094
2025-04-10 12:20:39,3.234,2.781,3.438,3.703
2025-04-10 12:20:41,3.516,2.766,3.688,3.719
2025-04-10 12:20:42,3.125,3.109,3.109,4.047
2025-04-10 12:20:43,3.172,2.125,3.797,3.688
2025-04-10 12:20:44,3.172,2.141,3.75,2.859
2025-04-10 12:20:45,3.172,2.703,3.391,3.062
2025-04-10 12:20:46,3.25,2.469,3.375,3.391
2025-04-10 12:20:47,3.797,2.984,3.688,4.312
2025-04-10 12:20:48,3.5,2.438,3.703,4.0
2025-04-10 12:20:50,3.172,2.453,3.375,3.406
2025-04-10 12:20:51,3.5,3.344,2.438,4.0
2025-04-10 12:20:52,2.906,3.047,3.078,3.531
2025-04-10 12:20:53,3.547,2.109,3.688,2.781
2025-04-10 12:20:54,3.297,3.047,3.359,3.672
2025-04-10 12:20:55,3.781,2.766,3.625,3.594
2025-04-10 12:20:57,3.797,3.094,3.328,4.312
2025-04-10 12:20:58,2.844,3.375,3.094,4.406
2025-04-10 12:20:59,3.484,2.719,3.719,3.359
2025-04-10 12:21:00,2.812,3.375,2.766,3.484
2025-04-10 12:21:01,2.562,3.391,3.062,3.984
2025-04-10 12:21:02,3.172,2.484,3.672,3.688
2025-04-10 12:21:03,3.469,2.453,3.719,3.672
2025-04-10 12:21:04,2.812,3.359,2.734,4.0
2025-04-10 12:21:06,3.516,3.062,3.359,4.656
2025-04-10 12:21:07,3.125,3.391,2.625,4.375
2025-04-10 12:21:08,3.25,3.031,3.062,3.797
2025-04-10 12:21:09,2.875,3.375,3.047,3.672
2025-04-10 12:21:10,2.812,3.359,3.047,4.344
2025-04-10 12:21:11,3.156,2.406,3.672,3.031
2025-04-10 12:21:12,3.172,3.047,3.688,3.375
2025-04-10 12:21:14,2.859,3.078,4.0,3.344
2025-04-10 12:21:15,3.125,3.328,3.375,3.984
2025-04-10 12:21:16,3.188,3.531,2.859,4.047
2025-04-10 12:21:17,2.875,3.344,3.062,3.672
2025-04-10 12:21:18,3.188,2.703,3.719,3.688
2025-04-10 12:21:19,3.453,3.391,3.266,1.859
2025-04-10 12:21:20,2.859,3.281,3.047,3.703
2025-04-10 12:21:22,3.797,3.047,3.359,4.328
2025-04-10 12:21:23,3.484,3.031,2.734,4.328
2025-04-10 12:21:24,2.938,3.391,3.375,3.156
2025-04-10 12:21:25,3.188,3.344,3.0,4.297
2025-04-10 12:21:26,3.484,2.766,3.656,3.672
2025-04-10 12:21:27,3.25,2.75,3.391,3.375
2025-04-10 12:21:28,4.109,3.078,3.656,4.047
2025-04-10 12:21:29,2.844,3.281,3.094,3.703
2025-04-10 12:21:31,3.172,2.109,3.688,3.688
2025-04-10 12:21:32,2.797,3.047,2.703,4.375
2025-04-10 12:21:33,3.469,2.75,3.672,4.047
2025-04-10 12:21:34,2.812,3.078,3.031,4.0
2025-04-10 12:21:35,3.484,2.766,3.719,4.312
2025-04-10 12:21:36,3.469,2.109,3.719,3.375
2025-04-10 12:21:37,3.172,3.047,3.391,3.703
2025-04-10 12:21:39,3.188,3.047,2.734,4.297
2025-04-10 12:21:40,3.453,3.359,3.094,3.156
2025-04-10 12:21:41,3.797,2.766,3.516,4.031
2025-04-10 12:21:42,2.875,3.344,2.938,3.734
2025-04-10 12:21:43,3.438,3.406,2.75,3.984
2025-04-10 12:21:44,3.109,3.078,2.953,4.0
2025-04-10 12:21:45,3.5,3.391,3.062,3.703
2025-04-10 12:21:47,3.797,2.797,3.672,4.312
2025-04-10 12:21:48,3.172,2.734,3.734,2.781
2025-04-10 12:21:49,3.172,2.75,3.719,2.734
2025-04-10 12:21:50,3.188,1.859,3.672,3.672
2025-04-10 12:21:51,3.172,3.016,3.062,4.0
2025-04-10 12:21:52,3.125,3.344,3.047,4.0
2025-04-10 12:21:53,2.875,3.359,2.938,3.703
2025-04-10 12:21:55,3.141,3.062,3.047,4.047
2025-04-10 12:21:56,3.172,2.719,3.672,3.453
2025-04-10 12:21:57,3.797,3.047,3.625,4.625
2025-04-10 12:21:58,2.516,3.359,2.984,3.719
2025-04-10 12:21:59,3.516,2.438,3.422,2.766
2025-04-10 12:22:00,3.125,3.078,3.047,3.891
2025-04-10 12:22:01,2.875,3.422,3.094,3.672
2025-04-10 12:22:02,3.531,2.5,3.719,3.688
2025-04-10 12:22:04,3.781,2.734,3.719,4.047
2025-04-10 12:22:05,3.5,2.797,3.719,4.312
2025-04-10 12:22:06,3.484,2.453,3.297,3.875
2025-04-10 12:22:07,3.156,2.422,3.672,3.375
2025-04-10 12:22:08,2.594,3.344,3.375,3.266
2025-04-10 12:22:09,3.469,2.688,3.75,4.0
2025-04-10 12:22:10,3.172,3.391,3.0,3.672
2025-04-10 12:22:11,2.875,3.391,3.359,3.438
2025-04-10 12:22:13,4.078,3.094,3.656,4.0
2025-04-10 12:22:14,3.172,3.375,2.75,4.0
2025-04-10 12:22:15,3.188,1.797,3.516,3.672
2025-04-10 12:22:16,3.578,3.062,3.719,4.297
2025-04-10 12:22:17,2.547,3.344,3.062,3.594
2025-04-10 12:22:18,3.484,2.312,3.688,3.359
2025-04-10 12:22:20,3.141,3.453,3.078,4.047
2025-04-10 12:22:21,2.844,3.062,2.953,3.656
2025-04-10 12:22:22,3.5,2.422,3.672,3.688
2025-04-10 12:22:23,2.219,3.391,3.047,3.734
2025-04-10 12:22:24,3.172,3.094,3.672,3.328
2025-04-10 12:22:25,3.75,2.453,3.75,3.422
2025-04-10 12:22:26,3.188,3.391,3.062,3.719
2025-04-10 12:22:27,3.484,3.375,3.109,3.125
2025-04-10 12:22:29,2.922,3.375,2.734,4.016
2025-04-10 12:22:30,2.875,3.391,3.031,3.297
2025-04-10 12:22:31,3.484,2.75,3.766,3.0
2025-04-10 12:22:32,3.156,3.031,3.344,3.344
2025-04-10 12:22:33,3.297,2.766,3.375,3.984
2025-04-10 12:22:34,3.812,2.734,3.672,3.734
2025-04-10 12:22:35,3.516,2.781,3.688,4.062
2025-04-10 12:22:37,3.484,2.406,3.688,3.984
2025-04-10 12:22:38,3.797,3.062,3.359,4.031
2025-04-10 12:22:39,3.797,2.781,3.656,4.0
2025-04-10 12:22:40,2.859,2.906,3.688,3.375
2025-04-10 12:22:41,3.453,3.141,3.344,4.328
2025-04-10 12:22:42,2.547,3.438,2.734,4.312
2025-04-10 12:22:43,3.547,3.406,3.688,3.484
2025-04-10 12:22:45,2.797,3.062,3.219,3.797
2025-04-10 12:22:46,3.438,3.359,3.094,3.672
2025-04-10 12:22:47,2.609,3.297,3.109,3.703
2025-04-10 12:22:48,2.797,3.062,3.391,4.203
2025-04-10 12:22:49,4.172,3.078,3.672,4.641
2025-04-10 12:22:50,3.156,2.703,3.656,3.984
2025-04-10 12:22:51,3.828,2.75,3.688,3.562
2025-04-10 12:22:52,3.172,2.734,3.703,3.984
2025-04-10 12:22:54,3.781,2.422,3.703,4.328
2025-04-10 12:22:55,3.188,2.734,3.672,3.703
2025-04-10 12:22:56,3.234,2.734,3.688,2.734
2025-04-10 12:22:57,3.141,3.375,2.703,3.688
2025-04-10 12:22:58,3.234,2.656,3.359,3.062
2025-04-10 12:22:59,3.438,2.781,3.344,4.125
2025-04-10 12:23:00,3.156,3.453,3.094,3.734
2025-04-10 12:23:02,3.203,2.422,3.375,3.359
2025-04-10 12:23:03,3.797,2.406,3.719,3.672
2025-04-10 12:23:04,2.875,3.344,3.062,3.703
2025-04-10 12:23:05,3.469,2.781,3.672,3.375
2025-04-10 12:23:06,3.5,2.672,3.672,3.703
2025-04-10 12:23:07,3.5,1.781,3.609,2.844
2025-04-10 12:23:08,3.531,2.75,3.703,3.516
2025-04-10 12:23:10,3.547,2.453,3.703,3.062
2025-04-10 12:23:11,3.484,2.453,3.297,3.391
2025-04-10 12:23:12,3.172,3.344,3.062,4.312
2025-04-10 12:23:13,4.094,3.062,3.703,4.391
2025-04-10 12:23:14,3.484,2.156,3.391,3.391
2025-04-10 12:23:15,4.047,3.094,3.375,4.406
2025-04-10 12:23:16,3.797,3.438,3.391,4.0
2025-04-10 12:23:18,3.5,2.75,3.438,3.391
2025-04-10 12:23:19,3.188,3.391,3.062,4.375
2025-04-10 12:23:20,3.125,3.094,2.766,4.297
2025-04-10 12:23:21,3.75,2.406,3.75,3.719
2025-04-10 12:23:22,2.812,3.422,2.672,4.391
2025-04-10 12:23:23,3.469,3.094,3.391,4.672
2025-04-10 12:23:24,3.188,2.516,3.422,3.344
2025-04-10 12:23:26,3.75,3.047,3.359,4.016
2025-04-10 12:23:27,3.5,3.094,2.766,4.0
2025-04-10 12:23:28,3.172,3.047,3.078,3.688
2025-04-10 12:23:29,2.844,3.406,3.062,4.328
2025-04-10 12:23:30,3.156,3.359,2.719,3.984
2025-04-10 12:23:31,2.875,3.328,3.094,3.672
2025-04-10 12:23:32,3.469,2.719,3.422,3.031
2025-04-10 12:23:34,3.234,2.547,3.375,3.672
2025-04-10 12:23:35,2.875,2.703,3.281,3.266
2025-04-10 12:23:36,3.484,3.375,3.047,4.609
2025-04-10 12:23:37,3.781,2.75,3.672,4.359
2025-04-10 12:23:38,3.484,3.062,3.109,4.328
2025-04-10 12:23:39,3.797,2.766,3.703,3.578
2025-04-10 12:23:40,3.25,2.781,3.672,3.391
2025-04-10 12:23:41,3.562,2.766,3.625,4.0
2025-04-10 12:23:43,3.188,3.109,3.438,3.734
2025-04-10 12:23:44,3.484,3.062,3.359,4.359
2025-04-10 12:23:45,3.781,2.406,3.672,2.484
2025-04-10 12:23:46,3.172,2.797,3.359,3.031
2025-04-10 12:23:47,3.141,2.641,3.359,3.672
2025-04-10 12:23:48,3.25,2.766,3.688,3.359
2025-04-10 12:23:49,3.156,2.438,3.688,3.391
2025-04-10 12:23:51,3.188,3.375,3.078,3.359
2025-04-10 12:23:52,3.781,3.047,3.047,4.406
2025-04-10 12:23:53,2.875,3.375,2.797,4.141
2025-04-10 12:23:54,3.188,3.734,3.047,4.0
2025-04-10 12:23:55,3.469,2.453,3.656,4.0
2025-04-10 12:23:56,3.797,2.078,3.719,3.656
2025-04-10 12:23:57,3.172,3.359,3.078,3.719
2025-04-10 12:23:58,3.484,2.422,3.703,3.922
2025-04-10 12:24:00,3.484,3.047,3.359,4.516
2025-04-10 12:24:01,3.156,3.078,3.125,3.812
2025-04-10 12:24:02,3.516,2.719,3.609,3.672
2025-04-10 12:24:03,2.484,3.094,3.031,4.375
2025-04-10 12:24:04,3.469,3.094,3.359,4.625
2025-04-10 12:24:05,2.859,3.359,3.047,4.0
2025-04-10 12:24:06,3.469,3.125,3.031,4.656
2025-04-10 12:24:08,2.875,3.375,3.672,3.688
2025-04-10 12:24:10,3.125,3.094,3.047,4.062
2025-04-10 12:24:11,3.188,2.109,3.703,3.703
2025-04-10 12:24:12,3.156,2.547,3.422,3.047
2025-04-10 12:24:13,3.75,3.094,3.406,4.344
2025-04-10 12:24:14,2.875,3.141,2.734,4.312
2025-04-10 12:24:15,3.203,2.719,3.688,3.375
2025-04-10 12:24:17,3.156,2.438,3.672,2.734
2025-04-10 12:24:18,3.484,3.094,3.062,4.047
2025-04-10 12:24:19,3.172,2.734,3.375,3.344
2025-04-10 12:24:20,3.125,3.406,3.031,4.0
2025-04-10 12:24:21,3.484,3.375,3.047,3.672
2025-04-10 12:24:22,3.531,2.438,3.734,3.391
2025-04-10 12:24:23,4.062,3.094,3.391,4.312
2025-04-10 12:24:24,3.797,2.75,3.703,4.047
2025-04-10 12:24:26,3.203,2.438,3.719,3.422
2025-04-10 12:24:27,3.484,2.75,3.719,3.688
2025-04-10 12:24:28,3.141,3.375,3.359,4.328
2025-04-10 12:24:29,3.484,2.781,3.688,3.766
2025-04-10 12:24:30,3.766,3.422,2.422,4.312
2025-04-10 12:24:31,2.844,3.422,2.766,3.688
2025-04-10 12:24:32,3.547,2.797,3.734,3.766
2025-04-10 12:24:34,2.578,3.094,3.375,4.375
2025-04-10 12:24:35,3.5,3.375,2.422,3.984
2025-04-10 12:24:36,3.203,2.312,3.391,3.672
2025-04-10 12:24:37,2.922,3.391,3.078,3.703
2025-04-10 12:24:38,3.25,3.234,3.047,3.672
2025-04-10 12:24:40,2.922,3.094,3.094,4.016
2025-04-10 12:24:41,3.484,2.359,3.625,3.719
2025-04-10 12:24:42,3.172,3.047,3.078,4.422
2025-04-10 12:24:43,3.75,3.078,3.062,4.328
2025-04-10 12:24:44,2.812,3.375,3.109,4.0
2025-04-10 12:24:45,3.484,3.406,2.734,4.016
2025-04-10 12:24:46,3.516,3.078,3.656,4.328
2025-04-10 12:24:48,3.156,2.375,3.688,3.406
2025-04-10 12:24:49,3.156,3.391,3.078,3.703
2025-04-10 12:24:50,3.438,3.391,3.047,4.031
2025-04-10 12:24:51,3.781,2.75,3.672,3.688
2025-04-10 12:24:52,3.156,2.812,3.688,2.719
2025-04-10 12:24:53,2.859,3.078,3.094,3.672
2025-04-10 12:24:54,2.891,2.375,3.375,3.641
2025-04-10 12:24:56,3.797,2.734,3.75,4.031
2025-04-10 12:24:57,3.172,3.359,3.062,3.75
2025-04-10 12:24:58,2.844,3.359,3.047,3.234
2025-04-10 12:24:59,3.484,3.0,3.422,3.078
2025-04-10 12:25:00,3.531,2.125,3.766,3.688
2025-04-10 12:25:01,3.469,2.812,3.688,3.984
2025-04-10 12:25:03,3.172,3.391,3.062,4.312
2025-04-10 12:25:04,3.141,2.781,3.672,3.672
2025-04-10 12:25:05,3.766,2.781,3.672,4.312
2025-04-10 12:25:07,3.172,2.391,3.688,3.203
2025-04-10 12:25:08,3.812,2.766,3.578,4.078
2025-04-10 12:25:09,3.125,3.047,2.719,4.031
2025-04-10 12:25:11,2.891,3.391,3.047,3.984
2025-04-10 12:25:12,2.844,3.391,3.062,3.984
2025-04-10 12:25:13,3.203,3.328,3.375,3.594
2025-04-10 12:25:14,3.172,1.859,3.672,3.656
2025-04-10 12:25:16,3.797,3.375,3.062,4.719
2025-04-10 12:25:17,3.453,2.422,3.719,3.047
2025-04-10 12:25:18,3.5,3.375,3.359,4.328
2025-04-10 12:25:19,3.875,3.453,3.031,4.312
2025-04-10 12:25:20,3.25,3.391,3.062,3.688
2025-04-10 12:25:21,3.469,3.422,3.094,3.688
2025-04-10 12:25:23,3.188,3.359,3.094,3.672
2025-04-10 12:25:24,3.094,3.094,2.406,3.094
2025-04-10 12:25:25,3.469,2.438,3.703,3.688
2025-04-10 12:25:26,3.172,3.359,3.391,3.656
2025-04-10 12:25:27,3.5,3.078,3.062,4.656
2025-04-10 12:25:28,3.188,2.875,3.047,3.672
2025-04-10 12:25:29,3.734,1.828,3.703,3.375
2025-04-10 12:25:31,3.781,3.375,3.062,3.984
2025-04-10 12:25:32,3.188,3.375,3.094,4.047
2025-04-10 12:25:33,3.516,3.391,3.078,4.0
2025-04-10 12:25:34,2.812,3.344,2.906,4.344
2025-04-10 12:25:35,3.438,3.047,3.359,3.719
2025-04-10 12:25:36,3.812,3.094,3.375,4.656
2025-04-10 12:25:37,3.406,3.094,3.422,3.562
2025-04-10 12:25:39,3.766,2.766,3.672,4.0
2025-04-10 12:25:40,3.219,2.422,4.0,3.375
2025-04-10 12:25:41,3.5,3.375,3.078,3.656
2025-04-10 12:25:42,3.812,3.062,3.688,4.312
2025-04-10 12:25:43,4.062,3.25,2.812,3.5
2025-04-10 12:25:44,3.172,2.406,3.375,3.672
2025-04-10 12:25:45,3.5,2.734,3.703,2.219
2025-04-10 12:25:47,3.172,2.75,3.688,3.406
2025-04-10 12:25:48,3.484,3.312,2.734,3.734
2025-04-10 12:25:49,3.797,3.062,3.344,4.031
2025-04-10 12:25:50,3.172,3.719,2.734,4.312
2025-04-10 12:25:51,3.172,3.312,3.109,3.719
2025-04-10 12:25:52,4.125,3.094,3.703,4.328
2025-04-10 12:25:53,3.531,2.422,3.734,2.531
2025-04-10 12:25:54,3.188,1.812,3.656,3.688
2025-04-10 12:25:56,3.172,2.734,3.719,3.391
2025-04-10 12:25:57,3.125,3.375,2.438,4.656
2025-04-10 12:25:58,3.172,3.047,3.375,3.422
2025-04-10 12:25:59,3.797,2.766,3.703,4.062
2025-04-10 12:26:00,3.188,3.375,2.734,3.969
2025-04-10 12:26:01,3.484,1.594,3.062,3.969
2025-04-10 12:26:02,4.109,2.766,3.688,4.641
2025-04-10 12:26:03,3.188,3.484,3.047,4.016
2025-04-10 12:26:05,3.484,2.438,3.734,3.703
2025-04-10 12:26:06,3.797,2.469,3.703,4.031
2025-04-10 12:26:07,3.812,2.828,3.625,3.625
2025-04-10 12:26:08,3.188,2.312,3.734,2.734
2025-04-10 12:26:09,3.5,3.359,3.391,3.172
2025-04-10 12:26:10,3.484,2.734,3.672,3.359
2025-04-10 12:26:11,3.797,3.062,3.672,4.672
2025-04-10 12:26:12,3.438,3.406,3.016,4.297
2025-04-10 12:26:14,2.938,3.438,3.094,3.641
2025-04-10 12:26:15,3.797,2.781,3.688,4.062
2025-04-10 12:26:16,3.484,3.078,3.047,4.297
2025-04-10 12:26:17,2.5,3.156,2.719,4.344
2025-04-10 12:26:18,3.453,2.719,3.594,3.984
2025-04-10 12:26:19,3.469,2.766,3.406,3.062
2025-04-10 12:26:20,3.141,3.359,3.047,3.688
2025-04-10 12:26:21,4.062,3.375,3.359,4.016
2025-04-10 12:26:23,3.141,3.141,3.391,4.328
2025-04-10 12:26:24,3.188,3.391,3.062,3.656
2025-04-10 12:26:25,3.812,2.938,2.734,3.734
2025-04-10 12:26:26,3.484,3.078,3.375,4.328
2025-04-10 12:26:27,3.141,3.438,2.969,3.703
2025-04-10 12:26:28,3.484,3.359,3.438,3.734
2025-04-10 12:26:29,3.812,3.078,3.328,4.328
2025-04-10 12:26:31,3.484,2.422,3.781,2.797
2025-04-10 12:26:33,3.484,3.312,3.047,3.672
2025-04-10 12:26:34,3.844,3.406,3.344,4.312
2025-04-10 12:26:35,3.438,3.25,3.172,4.016
2025-04-10 12:26:36,3.188,3.047,3.391,2.703
2025-04-10 12:26:37,3.812,3.391,2.938,4.359
2025-04-10 12:26:39,3.812,2.953,3.531,4.312
2025-04-10 12:26:40,3.531,3.031,3.406,2.859
2025-04-10 12:26:41,2.859,3.391,3.062,3.672
2025-04-10 12:26:42,3.188,2.766,3.047,3.375
2025-04-10 12:26:43,3.469,3.406,3.078,3.672
2025-04-10 12:26:44,3.797,2.109,3.703,3.344
2025-04-10 12:26:45,3.266,2.766,3.453,3.75
2025-04-10 12:26:46,2.859,3.422,3.125,3.766
2025-04-10 12:26:48,3.781,3.359,3.078,4.375
2025-04-10 12:26:49,3.812,3.156,3.359,4.641
2025-04-10 12:26:50,3.547,2.422,3.672,3.734
2025-04-10 12:26:51,3.5,2.438,3.719,3.125
2025-04-10 12:26:52,3.484,3.375,3.047,4.297
2025-04-10 12:26:53,3.484,3.375,3.078,3.719
2025-04-10 12:26:54,3.172,3.031,3.359,3.031
2025-04-10 12:26:55,4.125,2.719,3.672,3.406
2025-04-10 12:26:57,3.5,2.766,3.625,3.688
2025-04-10 12:26:58,3.797,3.375,3.047,3.984
2025-04-10 12:26:59,4.531,3.047,3.703,4.328
2025-04-10 12:27:00,3.797,3.375,3.062,3.703
2025-04-10 12:27:01,2.828,2.766,3.391,3.281
2025-04-10 12:27:02,3.75,2.797,3.469,4.0
2025-04-10 12:27:03,3.797,3.062,3.047,4.281
2025-04-10 12:27:05,3.188,3.062,3.453,3.359
2025-04-10 12:27:06,3.516,2.75,3.672,3.391
2025-04-10 12:27:07,3.188,3.688,3.062,3.656
2025-04-10 12:27:08,3.453,3.359,2.797,4.0
2025-04-10 12:27:09,3.906,3.094,3.328,4.375
2025-04-10 12:27:10,3.875,3.078,3.703,4.625
2025-04-10 12:27:11,3.5,3.672,3.062,4.094
2025-04-10 12:27:13,4.156,2.766,3.688,4.047
2025-04-10 12:27:14,3.172,2.828,3.406,3.688
2025-04-10 12:27:15,3.812,3.297,3.031,4.344
2025-04-10 12:27:16,3.484,2.719,3.281,3.125
2025-04-10 12:27:17,3.484,3.094,3.688,3.844
2025-04-10 12:27:18,3.422,3.109,3.406,4.344
2025-04-10 12:27:20,3.812,3.406,3.062,3.797
2025-04-10 12:27:21,4.125,3.062,3.672,4.328
2025-04-10 12:27:22,4.125,2.734,3.688,4.031
2025-04-10 12:27:23,4.125,3.094,2.953,3.922
2025-04-10 12:27:24,2.922,3.125,3.062,4.312
2025-04-10 12:27:25,4.406,3.078,3.672,4.359
2025-04-10 12:27:26,3.484,2.422,3.672,3.703
2025-04-10 12:27:28,3.781,3.094,3.375,3.594
2025-04-10 12:27:29,3.469,2.031,3.703,3.703
2025-04-10 12:27:30,3.172,3.453,2.734,4.328
2025-04-10 12:27:31,3.203,3.375,3.047,3.359
2025-04-10 12:27:32,3.5,2.312,3.688,3.062
2025-04-10 12:27:33,4.109,3.109,3.688,4.266
2025-04-10 12:27:34,3.172,3.359,3.047,3.281
2025-04-10 12:27:36,3.5,2.766,3.703,2.781
2025-04-10 12:27:37,3.516,3.359,2.766,4.016
2025-04-10 12:27:38,3.172,3.375,3.391,3.672
2025-04-10 12:27:39,3.812,3.344,3.703,3.094
2025-04-10 12:27:40,3.438,3.109,3.25,4.0
2025-04-10 12:27:41,3.188,3.266,2.766,3.703
2025-04-10 12:27:42,3.812,2.766,3.688,4.016
2025-04-10 12:27:43,3.484,3.406,2.406,3.172
2025-04-10 12:27:45,3.188,3.422,3.062,3.656
2025-04-10 12:27:46,3.469,2.766,3.688,3.656
2025-04-10 12:27:47,4.109,2.938,3.469,4.328
2025-04-10 12:27:48,3.172,3.266,3.047,3.688
2025-04-10 12:27:49,4.047,3.094,3.672,4.312
2025-04-10 12:27:50,3.797,2.766,3.688,4.344
2025-04-10 12:27:51,3.5,3.391,2.781,4.391
2025-04-10 12:27:52,3.203,3.266,3.375,3.375
2025-04-10 12:27:54,3.125,3.406,3.062,4.328
2025-04-10 12:27:55,3.469,3.391,2.75,4.0
2025-04-10 12:27:56,3.484,3.094,2.75,3.938
2025-04-10 12:27:57,4.109,2.938,3.422,4.625
2025-04-10 12:27:58,4.109,2.719,3.688,4.062
2025-04-10 12:27:59,3.5,3.328,3.047,3.469
2025-04-10 12:28:00,3.516,3.375,3.984,4.0
2025-04-10 12:28:02,3.125,3.062,3.047,4.328
2025-04-10 12:28:03,3.484,2.391,3.781,3.672
2025-04-10 12:28:04,3.812,3.469,3.047,4.047
2025-04-10 12:28:05,4.109,3.094,3.109,3.719
2025-04-10 12:28:06,3.5,2.672,3.719,3.422
2025-04-10 12:28:07,3.188,2.766,3.375,3.562
2025-04-10 12:28:08,4.109,3.062,3.375,4.625
2025-04-10 12:28:09,4.109,3.094,3.0,4.312
2025-04-10 12:28:11,4.047,2.828,3.719,4.359
2025-04-10 12:28:12,3.172,3.062,3.391,3.359
2025-04-10 12:28:13,3.172,3.344,3.078,3.094
2025-04-10 12:28:14,3.562,3.375,3.094,4.359
2025-04-10 12:28:15,4.125,2.844,3.719,4.031
2025-04-10 12:28:16,3.531,2.453,3.719,3.734
2025-04-10 12:28:17,3.5,3.359,2.984,3.672
2025-04-10 12:28:19,3.469,3.406,3.078,3.688
2025-04-10 12:28:20,3.188,3.344,3.078,3.672
2025-04-10 12:28:21,3.844,3.062,3.688,4.062
2025-04-10 12:28:22,3.469,3.422,3.031,4.312
2025-04-10 12:28:23,3.203,3.359,3.094,3.672
2025-04-10 12:28:24,3.219,3.406,3.109,3.734
2025-04-10 12:28:26,3.5,3.344,3.281,3.078
2025-04-10 12:28:27,3.5,2.766,3.344,3.359
2025-04-10 12:28:28,3.516,2.734,3.734,3.391
2025-04-10 12:28:29,3.5,3.375,3.078,3.125
2025-04-10 12:28:30,3.797,3.219,3.375,4.328
2025-04-10 12:28:31,2.141,2.734,3.766,2.922
2025-04-10 12:28:32,3.766,3.094,3.359,4.625
2025-04-10 12:28:33,3.547,3.281,3.094,4.031
2025-04-10 12:28:35,4.188,3.031,3.359,4.641
2025-04-10 12:28:36,4.125,3.0,3.703,4.312
2025-04-10 12:28:37,3.5,2.734,3.672,3.766
2025-04-10 12:28:38,3.562,2.75,3.688,3.047
2025-04-10 12:28:39,3.812,2.828,3.609,4.0
2025-04-10 12:28:40,3.188,3.359,3.078,4.312
2025-04-10 12:28:41,2.891,3.391,3.375,3.391
2025-04-10 12:28:43,3.781,2.422,3.672,4.016
2025-04-10 12:28:44,3.734,3.359,3.391,4.25
2025-04-10 12:28:45,3.531,3.391,3.078,3.125
2025-04-10 12:28:46,4.109,3.047,3.078,4.297
2025-04-10 12:28:47,3.109,3.391,3.062,3.641
2025-04-10 12:28:48,3.203,2.797,3.719,3.062
2025-04-10 12:28:49,3.172,3.391,3.078,3.656
2025-04-10 12:28:51,3.797,3.078,2.75,4.656
2025-04-10 12:28:52,3.188,3.719,3.047,4.344
2025-04-10 12:28:53,4.062,3.422,3.391,5.0
2025-04-10 12:28:54,4.109,3.062,3.672,4.609
2025-04-10 12:28:55,4.25,3.391,3.062,3.703
2025-04-10 12:28:56,3.469,2.656,3.422,3.672
2025-04-10 12:28:57,3.484,2.391,3.672,3.688
2025-04-10 12:28:58,3.812,2.672,3.781,4.312
2025-04-10 12:29:00,3.172,2.469,3.391,3.344
2025-04-10 12:29:01,3.516,2.734,3.672,3.656
2025-04-10 12:29:02,3.797,2.453,3.672,3.672
2025-04-10 12:29:03,3.562,3.047,3.0,4.656
2025-04-10 12:29:04,3.188,3.359,3.344,3.344
2025-04-10 12:29:05,3.812,2.766,3.734,1.922
2025-04-10 12:29:06,3.281,3.062,3.406,4.25
2025-04-10 12:29:07,4.125,2.75,3.703,3.391
2025-04-10 12:29:09,3.172,3.078,3.438,3.359
2025-04-10 12:29:10,3.109,3.375,3.047,4.312
2025-04-10 12:29:11,3.469,2.719,3.672,3.594
2025-04-10 12:29:12,3.516,2.719,3.391,3.062
2025-04-10 12:29:13,3.812,2.531,3.391,3.391
2025-04-10 12:29:14,3.5,3.375,3.047,3.078
2025-04-10 12:29:15,3.172,3.391,3.047,3.547
2025-04-10 12:29:16,3.156,2.719,3.422,3.031
2025-04-10 12:29:18,3.797,2.75,3.656,3.703
2025-04-10 12:29:19,3.484,3.25,2.766,3.984
2025-04-10 12:29:20,3.234,3.344,3.391,4.047
2025-04-10 12:29:21,3.125,3.391,2.609,4.312
2025-04-10 12:29:22,3.516,3.438,3.391,3.141
2025-04-10 12:29:23,3.797,2.781,3.672,3.312
2025-04-10 12:29:24,3.5,2.781,3.672,3.422
2025-04-10 12:29:25,3.797,2.641,3.453,3.672
2025-04-10 12:29:27,3.484,3.375,3.453,3.688
2025-04-10 12:29:28,3.781,2.422,3.688,3.031
2025-04-10 12:29:29,4.078,2.812,3.719,3.406
2025-04-10 12:29:30,3.188,3.375,3.062,3.422
2025-04-10 12:29:31,3.625,3.078,3.344,4.438
2025-04-10 12:29:32,3.812,2.812,3.375,4.0
2025-04-10 12:29:33,3.766,3.047,3.391,4.344
2025-04-10 12:29:35,3.156,3.391,3.062,3.672
2025-04-10 12:29:36,3.469,2.422,3.656,3.703
2025-04-10 12:29:37,3.094,3.344,3.047,3.984
2025-04-10 12:29:38,3.797,2.734,3.688,2.438
2025-04-10 12:29:39,3.484,3.375,3.406,3.766
2025-04-10 12:29:40,3.484,3.359,3.047,4.656
2025-04-10 12:29:41,3.281,3.422,3.078,4.344
2025-04-10 12:29:43,3.172,3.031,3.359,3.016
2025-04-10 12:29:44,3.469,3.078,3.391,3.359
2025-04-10 12:29:45,2.859,3.359,2.766,3.859
2025-04-10 12:29:46,3.453,3.109,3.359,3.406
2025-04-10 12:29:47,3.5,2.719,3.688,3.031
2025-04-10 12:29:48,3.797,3.047,3.391,4.641
2025-04-10 12:29:49,3.109,3.359,3.047,3.641
2025-04-10 12:29:50,3.797,3.078,3.672,3.797
2025-04-10 12:29:52,3.797,2.734,3.672,3.234
2025-04-10 12:29:53,2.547,3.391,3.047,4.344
2025-04-10 12:29:54,3.812,2.766,3.656,2.75
2025-04-10 12:29:55,3.156,2.75,3.688,3.703
2025-04-10 12:29:56,3.172,2.297,3.672,3.359
2025-04-10 12:29:57,3.188,3.047,3.391,3.703
2025-04-10 12:29:58,3.75,3.359,2.75,4.297
2025-04-10 12:29:59,3.484,3.062,3.375,4.312
2025-04-10 12:30:01,3.859,2.812,3.656,3.984
2025-04-10 12:30:02,3.516,3.047,3.703,2.781
2025-04-10 12:30:03,3.797,1.484,3.672,3.719
2025-04-10 12:30:04,3.203,3.047,3.375,3.703
2025-04-10 12:30:05,4.109,2.984,3.062,4.656
2025-04-10 12:30:06,3.562,1.953,3.375,3.031
2025-04-10 12:30:07,3.172,3.344,3.094,3.969
2025-04-10 12:30:09,3.484,2.734,3.688,3.047
2025-04-10 12:30:10,2.844,3.094,3.094,3.766
2025-04-10 12:30:11,3.438,3.391,3.312,4.297
2025-04-10 12:30:12,3.766,2.75,3.688,4.031
2025-04-10 12:30:13,3.812,2.75,3.547,3.625
2025-04-10 12:30:14,3.75,2.766,3.031,4.328
2025-04-10 12:30:15,3.828,3.281,2.719,3.656
2025-04-10 12:30:16,3.453,2.766,3.719,3.656
2025-04-10 12:30:18,3.484,2.781,3.672,2.812
2025-04-10 12:30:19,3.484,2.406,3.703,4.016
2025-04-10 12:30:20,3.125,3.375,3.062,4.0
2025-04-10 12:30:21,3.188,2.594,3.406,3.031
2025-04-10 12:30:22,3.312,3.406,3.203,3.672
2025-04-10 12:30:23,3.891,2.781,3.344,4.016
2025-04-10 12:30:24,3.188,3.047,3.375,2.781
2025-04-10 12:30:26,3.156,2.766,3.688,3.766
2025-04-10 12:30:27,3.781,3.062,3.078,4.328
2025-04-10 12:30:28,3.188,3.438,2.656,3.656
2025-04-10 12:30:29,3.281,2.734,3.375,3.062
2025-04-10 12:30:30,3.797,2.75,3.75,3.969
2025-04-10 12:30:31,2.25,3.094,3.969,2.719
2025-04-10 12:30:32,2.859,3.344,3.047,4.25
2025-04-10 12:30:33,3.141,3.375,2.75,4.391
2025-04-10 12:30:35,3.156,3.0,3.078,4.312
2025-04-10 12:30:36,3.484,3.406,3.062,3.344
2025-04-10 12:30:37,3.172,2.484,3.688,3.391
2025-04-10 12:30:38,4.078,3.359,3.391,4.031
2025-04-10 12:30:39,2.859,3.391,3.078,4.016
2025-04-10 12:30:40,3.188,2.438,3.703,3.141
2025-04-10 12:30:41,3.766,3.094,3.656,4.344
2025-04-10 12:30:42,3.781,3.391,3.375,4.328
2025-04-10 12:30:44,3.172,3.266,3.094,3.938
2025-04-10 12:30:45,3.5,2.516,3.703,4.0
2025-04-10 12:30:46,3.188,3.031,3.312,2.969
2025-04-10 12:30:47,3.188,3.344,3.062,3.797
2025-04-10 12:30:48,3.188,1.75,3.719,3.359
2025-04-10 12:30:49,3.797,3.234,3.062,3.609
2025-04-10 12:30:50,3.469,3.219,3.078,3.703
2025-04-10 12:30:52,3.172,3.422,3.062,3.375
2025-04-10 12:30:53,3.484,3.359,2.75,3.656
2025-04-10 12:30:54,4.109,3.078,3.688,4.328
2025-04-10 12:30:55,3.188,3.062,3.672,3.031
2025-04-10 12:30:56,3.484,2.469,3.672,4.406
2025-04-10 12:30:57,3.5,2.469,3.672,3.734
2025-04-10 12:30:58,3.453,3.359,3.031,4.016
2025-04-10 12:30:59,3.5,2.438,3.719,3.234
2025-04-10 12:31:01,3.797,3.391,3.359,3.641
2025-04-10 12:31:02,3.172,3.047,3.344,4.344
2025-04-10 12:31:03,3.516,3.062,3.469,3.109
2025-04-10 12:31:04,3.781,2.781,3.359,4.016
2025-04-10 12:31:05,2.5,3.328,3.062,3.703
2025-04-10 12:31:06,3.188,2.734,3.688,2.734
2025-04-10 12:31:07,3.203,3.359,2.938,3.984
2025-04-10 12:31:08,3.797,3.312,3.094,4.359
2025-04-10 12:31:10,2.859,3.344,3.094,4.0
2025-04-10 12:31:11,3.172,3.391,3.094,3.75
2025-04-10 12:31:12,3.547,3.125,3.359,4.641
2025-04-10 12:31:13,3.469,2.406,3.672,4.016
2025-04-10 12:31:14,3.5,2.094,3.672,3.156
2025-04-10 12:31:15,3.812,2.844,3.422,4.312
2025-04-10 12:31:16,3.562,3.234,3.078,3.969
2025-04-10 12:31:18,4.047,3.094,3.047,4.328
2025-04-10 12:31:19,3.797,2.125,3.672,2.828
2025-04-10 12:31:20,3.141,3.359,3.047,4.297
2025-04-10 12:31:21,3.484,3.406,2.766,4.047
2025-04-10 12:31:22,3.484,2.75,3.688,3.047
2025-04-10 12:31:24,3.188,2.484,3.375,3.375
2025-04-10 12:31:26,3.812,2.359,3.344,3.984
2025-04-10 12:31:27,3.797,3.359,2.453,4.938
2025-04-10 12:31:28,3.125,3.422,3.375,4.453
2025-04-10 12:31:29,3.172,3.078,3.391,3.359
2025-04-10 12:31:30,2.953,3.344,2.422,4.344
2025-04-10 12:31:31,3.5,3.375,3.047,3.688
2025-04-10 12:31:33,3.5,3.406,3.172,3.688
2025-04-10 12:31:34,3.156,2.766,3.766,3.734
2025-04-10 12:31:35,3.5,3.375,3.109,3.906
2025-04-10 12:31:36,3.781,3.062,3.688,4.328
2025-04-10 12:31:37,3.812,2.75,3.688,4.016
2025-04-10 12:31:38,4.109,3.125,3.062,3.984
2025-04-10 12:31:39,3.188,2.109,3.688,3.422
2025-04-10 12:31:40,4.125,3.0,3.219,4.375
2025-04-10 12:31:42,3.438,2.938,3.344,3.906
2025-04-10 12:31:43,2.938,3.359,3.062,3.719
2025-04-10 12:31:44,2.875,3.344,2.984,3.656
2025-04-10 12:31:45,3.797,3.078,3.062,4.312
2025-04-10 12:31:46,3.484,3.422,3.094,3.672
2025-04-10 12:31:47,3.25,3.375,3.062,4.016
2025-04-10 12:31:49,3.422,2.953,2.828,3.984
2025-04-10 12:31:50,3.266,3.359,3.406,2.938
2025-04-10 12:31:51,3.172,2.75,3.688,3.375
2025-04-10 12:31:52,3.484,3.234,3.391,3.703
2025-04-10 12:31:53,3.188,3.375,3.078,3.703
2025-04-10 12:31:54,3.266,3.391,3.047,3.984
2025-04-10 12:31:55,3.438,3.125,3.375,4.312
2025-04-10 12:31:57,4.062,2.781,3.641,4.016
2025-04-10 12:31:58,3.172,3.031,3.734,4.391
2025-04-10 12:31:59,3.547,2.812,3.672,3.406
2025-04-10 12:32:00,3.484,3.359,2.969,4.0
2025-04-10 12:32:01,3.234,2.75,3.406,3.656
2025-04-10 12:32:02,3.469,2.422,3.547,4.0
2025-04-10 12:32:03,3.172,3.078,3.375,3.359
2025-04-10 12:32:04,3.188,3.219,3.062,3.688
2025-04-10 12:32:06,2.875,3.359,3.734,3.047
2025-04-10 12:32:07,3.156,2.109,3.578,3.359
2025-04-10 12:32:08,3.484,3.391,3.031,3.234
2025-04-10 12:32:09,3.188,3.359,3.422,3.688
2025-04-10 12:32:10,3.156,3.062,3.375,4.312
2025-04-10 12:32:11,3.172,2.422,3.703,3.172
2025-04-10 12:32:12,3.484,3.328,3.406,3.266
2025-04-10 12:32:14,3.188,2.734,3.719,3.125
2025-04-10 12:32:15,3.484,2.484,3.375,3.703
2025-04-10 12:32:16,3.5,3.375,2.734,3.406
2025-04-10 12:32:17,2.891,3.359,3.062,3.672
2025-04-10 12:32:18,3.156,3.391,2.453,4.047
2025-04-10 12:32:19,3.484,3.422,2.391,4.016
2025-04-10 12:32:20,3.188,2.766,3.375,3.344
2025-04-10 12:32:21,3.484,2.781,3.703,2.953
2025-04-10 12:32:23,3.438,2.75,3.734,3.688
2025-04-10 12:32:24,2.859,3.281,2.766,3.703
2025-04-10 12:32:25,3.188,2.734,3.391,3.078
2025-04-10 12:32:26,3.797,3.047,3.672,4.297
2025-04-10 12:32:27,3.484,3.391,3.031,3.719
2025-04-10 12:32:28,3.578,3.047,3.391,3.391
2025-04-10 12:32:29,3.469,2.766,3.656,3.781
2025-04-10 12:32:30,4.172,3.047,3.375,3.719
2025-04-10 12:32:32,2.875,3.078,3.391,3.578
2025-04-10 12:32:33,3.203,2.766,3.688,2.953
2025-04-10 12:32:34,3.172,3.406,2.922,4.016
2025-04-10 12:32:35,3.484,2.734,3.656,4.031
2025-04-10 12:32:36,2.906,3.5,3.094,3.688
2025-04-10 12:32:37,3.797,3.078,3.109,3.547
2025-04-10 12:32:38,3.578,3.438,3.094,4.297
2025-04-10 12:32:39,4.125,3.344,3.328,4.344
2025-04-10 12:32:41,3.547,3.375,3.391,4.625
2025-04-10 12:32:42,3.766,3.047,3.734,4.0
2025-04-10 12:32:43,3.5,2.75,3.672,3.703
2025-04-10 12:32:44,3.141,3.422,3.047,3.656
2025-04-10 12:32:45,2.562,3.406,3.062,3.125
2025-04-10 12:32:46,3.188,2.719,3.344,3.094
2025-04-10 12:32:47,3.469,2.734,3.703,3.688
2025-04-10 12:32:49,3.484,2.469,3.703,4.016
2025-04-10 12:32:50,2.859,3.359,3.125,3.984
2025-04-10 12:32:51,4.078,2.766,3.703,4.062
2025-04-10 12:32:52,3.25,2.828,3.016,3.688
2025-04-10 12:32:53,3.125,3.375,3.047,3.422
2025-04-10 12:32:54,3.453,3.094,3.672,4.344
2025-04-10 12:32:55,3.484,2.719,3.688,2.719
2025-04-10 12:32:57,3.109,3.391,3.047,3.656
2025-04-10 12:32:58,3.438,2.75,3.406,3.328
2025-04-10 12:32:59,2.547,3.344,3.094,3.672
2025-04-10 12:33:00,2.859,3.375,1.969,4.203
2025-04-10 12:33:01,2.844,3.391,3.062,2.734
2025-04-10 12:33:02,3.891,2.828,3.672,3.406
2025-04-10 12:33:03,3.484,3.094,2.75,3.984
2025-04-10 12:33:05,3.188,3.328,2.984,3.062
2025-04-10 12:33:06,3.234,2.734,3.656,2.812
2025-04-10 12:33:07,2.891,3.391,2.938,3.328
2025-04-10 12:33:08,2.844,3.312,3.062,3.688
2025-04-10 12:33:09,3.172,2.406,3.375,2.625
2025-04-10 12:33:10,3.484,2.766,3.688,4.016
2025-04-10 12:33:11,3.484,3.094,3.078,4.625
2025-04-10 12:33:12,3.188,3.359,3.391,3.359
2025-04-10 12:33:14,3.547,3.375,3.047,4.641
2025-04-10 12:33:15,3.797,2.469,3.672,4.328
2025-04-10 12:33:16,3.484,2.125,3.656,4.016
2025-04-10 12:33:17,3.484,2.422,3.703,3.438
2025-04-10 12:33:18,3.75,3.062,3.672,4.703
2025-04-10 12:33:19,3.484,2.453,3.781,3.703
2025-04-10 12:33:20,3.219,2.422,3.406,3.125
2025-04-10 12:33:21,3.469,2.734,3.688,4.016
2025-04-10 12:33:23,4.094,2.453,3.359,4.312
2025-04-10 12:33:24,3.5,2.766,3.734,3.688
2025-04-10 12:33:26,3.188,3.047,3.375,3.75
2025-04-10 12:33:27,3.734,3.094,3.031,4.688
2025-04-10 12:33:28,3.188,3.406,2.969,3.984
2025-04-10 12:33:29,3.484,2.766,3.406,4.016
2025-04-10 12:33:30,3.797,3.344,3.375,4.344
2025-04-10 12:33:32,2.484,3.031,3.094,4.031
2025-04-10 12:33:33,3.203,2.422,3.688,3.688
2025-04-10 12:33:34,3.203,3.391,2.719,3.75
2025-04-10 12:33:35,3.734,3.422,2.734,3.984
2025-04-10 12:33:36,3.812,3.047,2.938,4.344
2025-04-10 12:33:37,3.484,2.75,3.344,3.672
2025-04-10 12:33:38,3.172,3.359,3.359,4.625
2025-04-10 12:33:40,2.859,3.391,3.047,3.797
2025-04-10 12:33:41,3.469,3.062,3.688,3.062
2025-04-10 12:33:42,3.484,3.422,2.719,3.5
2025-04-10 12:33:43,3.484,3.391,3.031,3.984
2025-04-10 12:33:44,3.297,2.422,3.406,3.359
2025-04-10 12:33:45,3.75,2.766,3.656,3.797
2025-04-10 12:33:46,2.828,2.969,2.469,4.953
2025-04-10 12:33:47,3.484,2.75,3.656,3.734
2025-04-10 12:33:49,3.156,2.422,3.641,3.031
2025-04-10 12:33:50,3.234,3.047,3.016,4.375
2025-04-10 12:33:51,2.5,3.375,2.484,4.062
2025-04-10 12:33:52,3.172,3.047,3.484,3.078
2025-04-10 12:33:53,3.734,2.734,3.656,4.625
2025-04-10 12:33:54,3.125,3.0,2.75,4.625
2025-04-10 12:33:55,3.469,2.359,3.734,3.047
2025-04-10 12:33:56,3.5,2.453,3.641,3.359
2025-04-10 12:33:58,3.25,3.094,3.047,3.703
2025-04-10 12:33:59,3.172,3.406,2.812,3.703
2025-04-10 12:34:00,3.469,2.422,3.703,3.672
2025-04-10 12:34:01,2.859,3.375,3.375,3.672
2025-04-10 12:34:02,3.125,3.438,2.734,4.0
2025-04-10 12:34:03,2.344,2.938,3.672,3.422
2025-04-10 12:34:04,2.875,3.344,3.359,3.672
2025-04-10 12:34:06,3.797,2.797,3.359,4.625
2025-04-10 12:34:07,3.594,2.422,3.625,3.078
2025-04-10 12:34:08,3.234,3.109,3.375,2.844
2025-04-10 12:34:09,2.859,3.359,2.703,4.016
2025-04-10 12:34:10,3.266,3.031,3.062,3.391
2025-04-10 12:34:11,3.797,3.047,3.047,4.281
2025-04-10 12:34:12,3.172,2.297,3.469,2.719
2025-04-10 12:34:14,2.938,2.719,3.375,3.984
2025-04-10 12:34:15,3.5,2.766,3.703,3.359
2025-04-10 12:34:16,3.219,3.406,2.719,3.141
2025-04-10 12:34:17,2.328,3.719,3.031,3.703
2025-04-10 12:34:18,3.422,3.094,3.688,4.641
2025-04-10 12:34:19,3.172,2.734,3.688,3.031
2025-04-10 12:34:20,3.453,3.094,3.375,4.531
2025-04-10 12:34:22,3.797,3.047,2.672,3.672
2025-04-10 12:34:23,3.125,3.375,3.062,4.297
2025-04-10 12:34:24,2.891,3.344,2.734,3.734
2025-04-10 12:34:25,3.188,3.297,3.109,3.656
2025-04-10 12:34:26,3.469,2.797,3.688,4.016
2025-04-10 12:34:27,3.734,3.375,3.062,4.016
2025-04-10 12:34:29,3.609,2.109,3.422,3.359
2025-04-10 12:34:30,3.516,2.172,3.719,3.375
2025-04-10 12:34:31,3.484,3.031,3.375,4.312
2025-04-10 12:34:32,3.781,2.75,3.688,4.688
2025-04-10 12:34:33,2.859,2.766,3.453,3.062
2025-04-10 12:34:34,3.859,2.75,3.672,4.312
2025-04-10 12:34:35,3.281,3.422,2.75,4.031
2025-04-10 12:34:37,3.75,2.453,3.688,4.0
2025-04-10 12:34:38,3.125,3.078,3.438,3.719
2025-04-10 12:34:39,3.469,2.781,3.766,4.0
2025-04-10 12:34:40,3.5,2.047,3.625,3.688
2025-04-10 12:34:41,3.781,0.922,3.688,4.297
2025-04-10 12:34:42,3.484,0.953,3.766,4.234
2025-04-10 12:34:43,3.188,3.438,3.047,3.672
2025-04-10 12:34:44,3.219,2.094,4.031,3.656
2025-04-10 12:34:46,3.766,3.047,3.359,3.734
2025-04-10 12:34:47,2.859,3.078,2.734,3.984
2025-04-10 12:34:48,3.5,2.734,3.375,3.078
2025-04-10 12:34:49,3.531,2.453,3.672,3.422
2025-04-10 12:34:50,4.109,2.734,3.625,4.016
2025-04-10 12:34:51,3.172,2.109,3.766,2.625
2025-04-10 12:34:52,3.172,2.781,3.672,3.047
2025-04-10 12:34:53,3.484,3.375,2.641,3.703
2025-04-10 12:34:55,3.172,2.453,3.781,3.406
2025-04-10 12:34:56,2.547,3.391,3.094,4.0
2025-04-10 12:34:57,3.188,2.453,3.703,2.953
2025-04-10 12:34:58,2.906,3.391,3.109,3.984
2025-04-10 12:34:59,3.422,3.062,3.266,3.297
2025-04-10 12:35:00,3.172,3.094,3.719,3.359
2025-04-10 12:35:01,3.797,2.422,3.672,4.344
2025-04-10 12:35:02,3.484,2.453,3.688,3.062
2025-04-10 12:35:04,2.875,3.391,3.375,3.703
2025-04-10 12:35:05,3.188,2.469,3.422,3.422
2025-04-10 12:35:06,3.203,3.375,2.438,4.047
2025-04-10 12:35:07,2.859,3.266,2.719,4.047
2025-04-10 12:35:08,3.172,3.062,3.234,3.625
2025-04-10 12:35:09,3.5,2.438,3.703,3.672
2025-04-10 12:35:10,3.109,3.062,3.047,3.641
2025-04-10 12:35:12,3.172,2.75,3.672,3.984
2025-04-10 12:35:13,3.156,2.422,3.375,3.984
2025-04-10 12:35:14,2.797,3.047,3.031,4.328
2025-04-10 12:35:15,3.469,3.422,3.109,3.984
2025-04-10 12:35:16,3.203,2.766,3.672,3.312
2025-04-10 12:35:17,3.781,3.062,3.688,4.656
2025-04-10 12:35:18,3.25,3.391,3.062,3.688
2025-04-10 12:35:19,3.5,3.391,3.359,4.0
2025-04-10 12:35:21,3.781,3.109,3.391,4.328
2025-04-10 12:35:22,3.5,3.047,3.047,4.312
2025-04-10 12:35:23,3.266,3.344,3.062,3.734
2025-04-10 12:35:24,3.172,2.719,3.719,3.344
2025-04-10 12:35:25,4.172,2.516,3.672,4.016
2025-04-10 12:35:26,3.172,3.422,3.078,3.688
2025-04-10 12:35:27,3.219,3.016,3.375,3.359
2025-04-10 12:35:28,3.156,2.609,3.703,2.625
2025-04-10 12:35:30,3.812,3.062,3.062,4.656
2025-04-10 12:35:31,3.484,3.047,3.391,2.891
2025-04-10 12:35:32,3.469,3.062,3.672,4.328
2025-04-10 12:35:33,3.891,3.078,3.359,4.0
2025-04-10 12:35:34,3.266,3.375,3.375,3.672
2025-04-10 12:35:35,3.172,2.125,3.688,3.734
2025-04-10 12:35:36,3.172,3.141,3.094,3.703
2025-04-10 12:35:38,3.484,3.094,3.078,4.625
2025-04-10 12:35:39,2.906,2.75,3.375,3.719
2025-04-10 12:35:40,3.203,2.391,3.703,3.047
2025-04-10 12:35:41,3.188,2.453,3.688,3.391
2025-04-10 12:35:42,4.062,2.938,3.406,4.406
2025-04-10 12:35:43,3.812,2.75,3.688,3.734
2025-04-10 12:35:44,3.172,2.453,3.625,2.438
2025-04-10 12:35:45,2.828,3.391,3.047,4.219
2025-04-10 12:35:47,3.484,2.797,3.734,3.188
2025-04-10 12:35:48,3.156,2.719,3.391,3.344
2025-04-10 12:35:49,3.188,3.375,3.078,4.0
2025-04-10 12:35:50,2.875,3.391,3.688,3.688
2025-04-10 12:35:51,3.797,2.594,3.594,4.016
2025-04-10 12:35:52,3.188,3.391,3.047,4.047
2025-04-10 12:35:53,3.484,2.766,3.391,3.438
2025-04-10 12:35:54,3.859,2.438,3.688,3.734
2025-04-10 12:35:56,3.172,2.719,4.016,3.391
2025-04-10 12:35:57,2.953,3.625,3.391,3.734
2025-04-10 12:35:58,3.438,3.375,3.562,4.312
2025-04-10 12:35:59,3.5,3.234,3.031,3.734
2025-04-10 12:36:00,3.484,3.281,3.094,4.0
2025-04-10 12:36:01,3.797,3.078,3.344,3.922
2025-04-10 12:36:02,3.484,2.781,3.703,4.062
2025-04-10 12:36:04,3.188,3.016,3.031,3.031
2025-04-10 12:36:05,3.797,2.781,3.656,4.0
2025-04-10 12:36:06,2.812,3.391,3.031,4.297
2025-04-10 12:36:07,2.906,3.344,3.047,3.406
2025-04-10 12:36:08,3.484,3.344,3.375,3.688
2025-04-10 12:36:09,3.844,2.359,3.672,4.328
2025-04-10 12:36:10,3.188,3.391,3.094,3.734
2025-04-10 12:36:12,2.547,3.391,3.047,3.672
2025-04-10 12:36:13,3.203,2.094,3.766,3.047
2025-04-10 12:36:14,3.109,3.047,3.391,4.484
2025-04-10 12:36:15,2.859,3.391,3.047,3.266
2025-04-10 12:36:17,3.422,3.047,3.406,4.344
2025-04-10 12:36:18,3.5,2.766,3.656,3.422
2025-04-10 12:36:19,3.484,3.406,2.75,3.781
2025-04-10 12:36:20,3.172,2.766,3.391,3.016
2025-04-10 12:36:21,3.484,3.344,2.922,3.984
2025-04-10 12:36:22,3.797,3.094,3.672,4.312
2025-04-10 12:36:24,3.484,2.125,3.688,2.281
2025-04-10 12:36:25,3.469,3.125,3.031,3.703
2025-04-10 12:36:26,3.469,2.812,3.25,4.297
2025-04-10 12:36:27,3.422,3.078,3.047,4.703
2025-04-10 12:36:28,2.266,3.328,3.078,3.672
2025-04-10 12:36:29,2.828,3.172,2.125,4.328
2025-04-10 12:36:30,3.438,3.062,3.375,4.344
2025-04-10 12:36:31,3.906,2.469,3.688,4.0
2025-04-10 12:36:33,3.172,2.719,3.688,3.094
2025-04-10 12:36:34,3.172,2.5,3.734,4.016
2025-04-10 12:36:35,3.453,3.047,3.109,4.062
2025-04-10 12:36:36,3.297,3.406,3.062,3.688
2025-04-10 12:36:37,2.875,3.375,3.344,3.719
2025-04-10 12:36:38,3.172,3.406,3.125,4.312
2025-04-10 12:36:39,3.188,3.391,3.094,3.719
2025-04-10 12:36:40,3.172,2.422,3.562,2.438
2025-04-10 12:36:42,3.5,3.375,3.094,4.0
2025-04-10 12:36:43,3.188,2.422,3.984,1.75
2025-04-10 12:36:44,3.172,3.062,3.391,2.875
2025-04-10 12:36:45,3.812,2.766,3.672,4.641
2025-04-10 12:36:46,3.188,3.375,2.938,4.016
2025-04-10 12:36:47,3.516,2.75,3.391,3.047
2025-04-10 12:36:48,3.484,3.062,3.391,3.688
2025-04-10 12:36:49,4.125,3.062,3.016,4.328
2025-04-10 12:36:51,3.75,2.797,3.703,2.953
2025-04-10 12:36:52,3.156,3.453,2.734,4.016
2025-04-10 12:36:53,3.484,2.141,3.625,3.297
2025-04-10 12:36:54,3.188,3.359,3.391,3.672
2025-04-10 12:36:55,2.844,3.469,2.797,3.688
2025-04-10 12:36:56,3.25,3.422,2.75,4.0
2025-04-10 12:36:57,3.781,2.766,3.75,4.312
2025-04-10 12:36:58,3.484,2.734,3.406,3.125
2025-04-10 12:37:00,3.188,2.094,3.359,3.062
2025-04-10 12:37:01,3.578,3.094,3.047,4.656
2025-04-10 12:37:02,3.484,3.688,2.734,3.984
2025-04-10 12:37:03,3.797,2.453,3.688,4.031
2025-04-10 12:37:04,2.906,2.766,3.672,3.578
2025-04-10 12:37:05,3.797,3.125,3.453,4.016
2025-04-10 12:37:06,2.828,3.359,2.75,3.719
2025-04-10 12:37:07,3.484,2.75,3.375,3.344
2025-04-10 12:37:09,3.75,2.75,3.719,3.375
2025-04-10 12:37:10,3.812,3.047,3.359,4.641
2025-04-10 12:37:11,2.875,2.781,3.406,3.344
2025-04-10 12:37:12,3.5,2.812,3.719,3.891
2025-04-10 12:37:13,3.75,3.094,3.672,3.797
2025-04-10 12:37:14,3.125,2.688,3.078,3.703
2025-04-10 12:37:15,3.172,3.047,3.406,3.047
2025-04-10 12:37:17,3.828,3.094,3.703,3.016
2025-04-10 12:37:18,3.188,3.391,3.062,3.656
2025-04-10 12:37:19,2.547,3.125,2.766,3.734
2025-04-10 12:37:20,2.875,3.375,3.031,3.734
2025-04-10 12:37:21,3.688,3.047,3.391,4.016
2025-04-10 12:37:22,3.469,3.359,3.094,3.594
2025-04-10 12:37:23,2.422,3.391,3.094,3.906
2025-04-10 12:37:24,2.875,3.078,3.375,4.0
2025-04-10 12:37:26,2.797,3.281,2.312,4.453
2025-04-10 12:37:27,3.172,2.781,3.703,3.359
2025-04-10 12:37:28,3.797,2.781,3.672,3.828
2025-04-10 12:37:29,3.484,3.391,3.047,3.922
2025-04-10 12:37:30,3.172,3.359,3.078,3.578
2025-04-10 12:37:31,3.172,1.797,3.719,3.688
2025-04-10 12:37:32,3.172,3.312,2.75,3.781
2025-04-10 12:37:34,3.797,2.766,3.688,4.031
2025-04-10 12:37:35,3.453,3.391,3.016,3.984
2025-04-10 12:37:36,3.484,3.375,3.062,4.359
2025-04-10 12:37:37,3.125,3.297,3.391,4.031
2025-04-10 12:37:38,3.766,2.75,3.828,3.75
2025-04-10 12:37:39,3.5,3.031,3.375,3.547
2025-04-10 12:37:40,3.594,3.375,3.047,3.719
2025-04-10 12:37:41,3.812,3.406,3.031,4.328
2025-04-10 12:37:43,4.062,3.094,3.391,4.297
2025-04-10 12:37:44,3.812,2.734,3.688,3.875
2025-04-10 12:37:45,3.469,2.0,3.359,3.359
2025-04-10 12:37:46,3.141,2.453,3.422,3.219
2025-04-10 12:37:48,3.469,2.703,3.703,3.672
2025-04-10 12:37:49,3.156,3.359,3.078,4.297
2025-04-10 12:37:50,3.172,3.359,2.922,3.672
2025-04-10 12:37:51,3.484,3.094,3.047,4.344
2025-04-10 12:37:52,3.562,0.891,3.406,3.094
2025-04-10 12:37:54,3.109,3.062,3.359,4.328
2025-04-10 12:37:55,2.859,3.375,3.375,4.062
2025-04-10 12:37:56,3.188,2.141,3.672,2.938
2025-04-10 12:37:57,2.859,3.391,3.062,3.703
2025-04-10 12:37:58,3.5,2.781,3.391,3.078
2025-04-10 12:38:00,2.875,3.078,3.406,3.734
2025-04-10 12:38:01,3.5,2.391,3.734,2.922
2025-04-10 12:38:02,4.094,3.078,3.391,4.297
2025-04-10 12:38:03,3.188,3.391,3.094,3.312
2025-04-10 12:38:04,3.484,2.719,3.734,3.688
2025-04-10 12:38:05,4.031,2.766,3.688,4.312
2025-04-10 12:38:06,3.5,1.812,3.719,3.391
2025-04-10 12:38:08,3.438,3.078,2.75,3.891
2025-04-10 12:38:09,2.625,3.406,3.047,4.672
2025-04-10 12:38:10,3.797,3.094,3.359,4.062
2025-04-10 12:38:11,3.141,3.359,3.062,4.422
2025-04-10 12:38:12,3.125,3.5,2.766,4.0
2025-04-10 12:38:14,3.812,3.078,3.359,4.359
2025-04-10 12:38:15,3.797,3.094,3.344,4.656
2025-04-10 12:38:17,3.484,3.344,3.406,3.672
2025-04-10 12:38:18,3.203,3.406,3.062,3.688
2025-04-10 12:38:19,3.469,2.391,3.719,3.734
2025-04-10 12:38:20,3.781,2.828,3.719,3.75
2025-04-10 12:38:21,3.156,3.375,3.078,3.375
2025-04-10 12:38:22,3.484,3.359,3.047,4.328
2025-04-10 12:38:23,3.797,3.016,2.922,4.047
2025-04-10 12:38:24,3.469,2.094,3.625,3.703
2025-04-10 12:38:25,2.281,3.344,3.094,3.688
2025-04-10 12:38:27,3.797,3.078,3.297,4.656
2025-04-10 12:38:28,3.156,2.766,3.703,2.766
2025-04-10 12:38:29,2.875,3.062,3.375,3.359
2025-04-10 12:38:30,3.188,3.328,3.031,3.688
2025-04-10 12:38:31,3.75,3.062,3.359,4.016
2025-04-10 12:38:32,3.484,2.578,3.406,3.734
2025-04-10 12:38:33,3.547,3.031,3.734,2.781
2025-04-10 12:38:34,3.219,2.734,3.391,3.391
2025-04-10 12:38:36,3.5,3.344,3.062,3.766
2025-04-10 12:38:37,3.234,3.391,3.047,3.672
2025-04-10 12:38:38,3.5,3.047,3.359,4.328
2025-04-10 12:38:39,3.172,2.656,3.406,3.406
2025-04-10 12:38:40,2.875,3.359,3.062,3.391
2025-04-10 12:38:41,3.812,3.047,3.359,4.359
2025-04-10 12:38:42,2.875,3.703,3.141,3.719
2025-04-10 12:38:44,3.469,3.047,3.359,4.344
2025-04-10 12:38:45,3.172,2.766,3.703,3.938
2025-04-10 12:38:46,3.484,2.469,3.656,4.0
2025-04-10 12:38:47,3.469,3.391,3.047,3.703
2025-04-10 12:38:49,3.172,3.359,2.984,3.984
2025-04-10 12:38:51,3.797,3.094,3.422,4.688
2025-04-10 12:38:52,3.469,2.766,3.625,3.75
2025-04-10 12:38:53,4.094,2.734,3.688,3.953
2025-04-10 12:38:54,3.172,2.438,3.703,3.062
2025-04-10 12:38:55,3.5,3.391,3.062,3.734
2025-04-10 12:38:57,3.5,3.406,2.734,4.344
2025-04-10 12:38:58,3.188,3.391,3.078,3.672
2025-04-10 12:38:59,4.078,2.781,3.703,4.016
2025-04-10 12:39:00,3.188,3.047,3.359,3.641
2025-04-10 12:39:01,3.734,2.75,3.688,4.297
2025-04-10 12:39:03,3.438,3.047,3.391,4.734
2025-04-10 12:39:04,3.797,3.062,3.672,4.031
2025-04-10 12:39:05,3.156,1.781,3.703,3.656
2025-04-10 12:39:06,2.859,3.375,3.406,3.719
2025-04-10 12:39:07,3.516,3.016,3.562,1.531
2025-04-10 12:39:08,3.141,3.406,2.734,4.297
2025-04-10 12:39:09,3.172,3.375,3.062,3.672
2025-04-10 12:39:11,3.188,3.109,3.062,3.703
2025-04-10 12:39:12,3.156,2.641,3.719,2.734
2025-04-10 12:39:13,3.5,2.453,3.656,3.281
2025-04-10 12:39:14,3.484,3.406,2.688,4.672
2025-04-10 12:39:15,2.562,3.406,2.969,3.438
2025-04-10 12:39:16,3.266,3.094,3.406,3.672
2025-04-10 12:39:17,3.797,3.094,3.062,4.297
2025-04-10 12:39:19,3.125,3.391,2.766,4.0
2025-04-10 12:39:20,3.469,3.391,3.094,4.312
2025-04-10 12:39:21,3.25,3.406,2.781,4.312
2025-04-10 12:39:22,3.156,3.047,3.406,3.578
2025-04-10 12:39:23,3.797,3.062,3.031,4.344
